position;time;model;response;gpu;diff_time;norm_time
0;5.212945938110352;openai/gpt-oss-120b;;H100-NVL;0.0;0.0
3;5.216423749923706;openai/gpt-oss-120b;;H100-NVL;0.003477811813354492;1.1091761144603079e-05
2;5.230650663375855;openai/gpt-oss-120b;;H100-NVL;0.014226913452149326;5.646555774574082e-05
4;5.272655725479126;openai/gpt-oss-120b;;H100-NVL;0.042005062103270596;0.00019043201157301296
1;5.371050119400024;openai/gpt-oss-120b;;H100-NVL;0.09839439392089844;0.0005042405710666109
7;5.453264474868774;openai/gpt-oss-120b;;H100-NVL;0.08221435546875;0.0007664462459151588
5;5.49630618095398;openai/gpt-oss-120b;;H100-NVL;0.043041706085205966;0.00090371886121887
6;5.857685089111328;openai/gpt-oss-120b;;H100-NVL;0.36137890815734774;0.002056262111715382
8;6.118133544921875;openai/gpt-oss-120b;;H100-NVL;0.2604484558105469;0.002886908569133933
10;6.255531311035156;openai/gpt-oss-120b;;H100-NVL;0.13739776611328125;0.0033251103135982516
11;6.326189279556274;openai/gpt-oss-120b;;H100-NVL;0.07065796852111816;0.003550459283542429
9;6.467955827713013;openai/gpt-oss-120b;;H100-NVL;0.14176654815673828;0.004002594354339353
13;6.950439691543579;openai/gpt-oss-120b;;H100-NVL;0.4824838638305664;0.005541376801734632
12;7.20935320854187;openai/gpt-oss-120b;;H100-NVL;0.258913516998291;0.006367127889423358
14;7.429165840148926;openai/gpt-oss-120b;;H100-NVL;0.21981263160705566;0.007068174793971202
15;8.088951110839844;openai/gpt-oss-120b;;H100-NVL;0.659785270690918;0.009172423391071763
18;8.092852115631104;openai/gpt-oss-120b;;H100-NVL;0.0039010047912597656;0.009184864838651663
16;8.149543523788452;openai/gpt-oss-120b;;H100-NVL;0.05669140815734863;0.009365670354297435
17;8.387033939361572;openai/gpt-oss-120b;;H100-NVL;0.23749041557312012;0.010123096892891191
19;8.860420942306519;openai/gpt-oss-120b;;H100-NVL;0.4733870029449463;0.011632866784828026
20;8.94446349143982;openai/gpt-oss-120b;;H100-NVL;0.08404254913330078;0.011900903105077056
21;9.041050672531128;openai/gpt-oss-120b;;H100-NVL;0.0965871810913086;0.012208947933201894
22;9.178684949874878;openai/gpt-oss-120b;;H100-NVL;0.13763427734375;0.01264790398129653
24;9.735544204711914;openai/gpt-oss-120b;;H100-NVL;0.5568592548370361;0.014423891348438321
23;9.735663414001465;openai/gpt-oss-120b;;H100-NVL;0.00011920928955078125;0.014424271541800376
26;10.425166845321655;openai/gpt-oss-120b;;H100-NVL;0.6895034313201904;0.016623300062901167
27;10.527132511138916;openai/gpt-oss-120b;;H100-NVL;0.10196566581726074;0.01694849845513522
25;10.577625036239624;openai/gpt-oss-120b;;H100-NVL;0.05049252510070801;0.01710953391595411
28;11.582298994064333;openai/gpt-oss-120b;;H100-NVL;1.0046739578247088;0.020313733615778075
29;12.722793340682983;openai/gpt-oss-120b;;H100-NVL;1.1404943466186506;0.023951104341499628
30;13.217596530914308;openai/gpt-oss-120b;;H100-NVL;0.494803190231325;0.02552917673131644
33;13.60285711288452;openai/gpt-oss-120b;;H100-NVL;0.3852605819702113;0.02675788563880694
31;13.634769439697266;openai/gpt-oss-120b;;H100-NVL;0.03191232681274592;0.026859663401829166
34;13.817872285842896;openai/gpt-oss-120b;;H100-NVL;0.18310284614562988;0.027443632041692236
32;14.051274061203005;openai/gpt-oss-120b;;H100-NVL;0.2334017753601092;0.028188018708354225
35;14.428606271743774;openai/gpt-oss-120b;;H100-NVL;0.3773322105407697;0.029391441715721153
36;14.44537115097046;openai/gpt-oss-120b;;H100-NVL;0.016764879226686347;0.029444909829000453
37;14.516084432601929;openai/gpt-oss-120b;;H100-NVL;0.07071328163146795;0.02967043520866462
38;14.584883213043211;openai/gpt-oss-120b;;H100-NVL;0.0687987804412824;0.029889854682934175
40;14.91952419281006;openai/gpt-oss-120b;;H100-NVL;0.33464097976684926;0.030957122843481854
41;14.983344078063965;openai/gpt-oss-120b;;H100-NVL;0.06381988525390447;0.031160663161791807
39;14.985561609268188;openai/gpt-oss-120b;;H100-NVL;0.002217531204223633;0.031167735518712762
43;15.010104417800903;openai/gpt-oss-120b;;H100-NVL;0.024542808532714844;0.03124600972809272
42;15.147011518478394;openai/gpt-oss-120b;;H100-NVL;0.13690710067749023;0.03168264659667882
45;15.19392228126526;openai/gpt-oss-120b;;H100-NVL;0.04691076278686701;0.0318322587677414
44;15.465662717819214;openai/gpt-oss-120b;;H100-NVL;0.2717404365539533;0.03269891866118728
46;15.516075372695925;openai/gpt-oss-120b;;H100-NVL;0.05041265487671076;0.0328596993924536
47;15.739294528961182;openai/gpt-oss-120b;;H100-NVL;0.223219156265257;0.033571610702515534
48;16.715867042541504;openai/gpt-oss-120b;;H100-NVL;0.9765725135803223;0.03668618666071546
49;17.242196559906006;openai/gpt-oss-120b;;H100-NVL;0.526329517364502;0.03836480574744814
53;17.440413236618042;openai/gpt-oss-120b;;H100-NVL;0.19821667671203613;0.038996976822526036
50;17.486178874969482;openai/gpt-oss-120b;;H100-NVL;0.04576563835144043;0.039142936856152714
52;17.51379632949829;openai/gpt-oss-120b;;H100-NVL;0.027617454528808594;0.0392310170127268
56;17.575533866882324;openai/gpt-oss-120b;;H100-NVL;0.0617375373840332;0.039427916113388375
51;17.60516381263733;openai/gpt-oss-120b;;H100-NVL;0.029629945755004883;0.039522414694300685
55;17.970702648162842;openai/gpt-oss-120b;;H100-NVL;0.3655388355255127;0.04068822517235948
57;18.010688066482544;openai/gpt-oss-120b;;H100-NVL;0.03998541831970215;0.04081575039024681
54;18.098337173461918;openai/gpt-oss-120b;;H100-NVL;0.08764910697937367;0.04109528908047148
58;18.303307056427;openai/gpt-oss-120b;;H100-NVL;0.20496988296508079;0.041748998109509786
59;20.665251970291138;openai/gpt-oss-120b;;H100-NVL;2.3619449138641393;0.049281932675058336
60;20.86443662643433;openai/gpt-oss-120b;;H100-NVL;0.19918465614319203;0.04991719092023613
61;20.92174458503723;openai/gpt-oss-120b;;H100-NVL;0.05730795860290172;0.05009996279595044
62;21.19279837608337;openai/gpt-oss-120b;;H100-NVL;0.271053791046139;0.050964432775630876
64;21.84134531021118;openai/gpt-oss-120b;;H100-NVL;0.6485469341278112;0.05303283902371704
66;21.871914625167847;openai/gpt-oss-120b;;H100-NVL;0.03056931495666504;0.05313033352832234
63;21.88822078704834;openai/gpt-oss-120b;;H100-NVL;0.016306161880493164;0.053182338657544445
67;22.016419649124146;openai/gpt-oss-120b;;H100-NVL;0.12819886207580566;0.0535912024010324
65;22.279980659484863;openai/gpt-oss-120b;;H100-NVL;0.2635610103607178;0.05443177570713422
69;22.793474674224854;openai/gpt-oss-120b;;H100-NVL;0.5134940147399902;0.05606945861418768
68;23.024082899093628;openai/gpt-oss-120b;;H100-NVL;0.23060822486877441;0.05680493582960326
70;23.265113830566406;openai/gpt-oss-120b;;H100-NVL;0.24103093147277832;0.05757365411105006
71;23.31286096572876;openai/gpt-oss-120b;;H100-NVL;0.047747135162353516;0.05772593371874082
72;24.215528964996334;openai/gpt-oss-120b;;H100-NVL;0.9026679992675746;0.06060480652097434
73;24.818564891815186;openai/gpt-oss-120b;;H100-NVL;0.6030359268188512;0.06252806482845519
74;25.07486128807068;openai/gpt-oss-120b;;H100-NVL;0.25629639625549316;0.06334546915107335
75;25.69148278236389;openai/gpt-oss-120b;;H100-NVL;0.6166214942932129;0.06531205581486745
76;27.938295125961304;openai/gpt-oss-120b;;H100-NVL;2.246812343597412;0.07247779887095619
77;30.313865900039676;openai/gpt-oss-120b;;H100-NVL;2.3755707740783727;0.0800541902981744
78;31.21070098876953;openai/gpt-oss-120b;;H100-NVL;0.8968350887298548;0.08291446023920254
79;31.99731683731079;openai/gpt-oss-120b;;H100-NVL;0.7866158485412598;0.0854232087203814
80;32.33462691307068;openai/gpt-oss-120b;;H100-NVL;0.3373100757598877;0.08649898941030548
81;32.579283714294434;openai/gpt-oss-120b;;H100-NVL;0.24465680122375488;0.08727927165305256
82;33.161314964294434;openai/gpt-oss-120b;;H100-NVL;0.58203125;0.08913553989013924
84;33.325191497802734;openai/gpt-oss-120b;;H100-NVL;0.16387653350830078;0.08965819018418329
83;33.45128655433655;openai/gpt-oss-120b;;H100-NVL;0.12609505653381348;0.0900603442752177
86;33.978296518325806;openai/gpt-oss-120b;;H100-NVL;0.5270099639892578;0.09174113350566099
85;34.32191181182861;openai/gpt-oss-120b;;H100-NVL;0.3436152935028076;0.09283702338289092
87;35.11367702484131;openai/gpt-oss-120b;;H100-NVL;0.7917652130126953;0.0953621946965371
89;35.54789900779724;openai/gpt-oss-120b;;H100-NVL;0.4342219829559326;0.09674705586130426
88;35.65663528442383;openai/gpt-oss-120b;;H100-NVL;0.10873627662658691;0.09709384771572961
90;36.55950689315796;openai/gpt-oss-120b;;H100-NVL;0.9028716087341309;0.09997336988822554
92;37.38864183425903;openai/gpt-oss-120b;;H100-NVL;0.8291349411010742;0.10261772421700883
91;37.53077960014343;openai/gpt-oss-120b;;H100-NVL;0.14213776588439941;0.10307104320993521
93;37.55516576766968;openai/gpt-oss-120b;;H100-NVL;0.024386167526245117;0.10314881784523743
94;38.52638030052185;openai/gpt-oss-120b;;H100-NVL;0.9712145328521729;0.1062463056325864
95;39.14074611663818;openai/gpt-oss-120b;;H100-NVL;0.6143658161163259;0.10820569827758368
96;40.580140590667725;openai/gpt-oss-120b;;H100-NVL;1.4393944740295481;0.11279634911081494
97;44.175270080566406;openai/gpt-oss-120b;;H100-NVL;3.5951294898986816;0.12426227070920429
98;47.82537817955017;openai/gpt-oss-120b;;H100-NVL;3.6501080989837646;0.1359035352050134
99;48.73929953575134;openai/gpt-oss-120b;;H100-NVL;0.9139213562011719;0.13881829826062494
100;48.88049244880676;openai/gpt-oss-120b;;H100-NVL;0.14119291305541992;0.13926860384096365
101;51.791383504867554;openai/gpt-oss-120b;;H100-NVL;2.910891056060791;0.14855228853828076
102;53.02372407913208;openai/gpt-oss-120b;;H100-NVL;1.2323405742645264;0.1524825838021182
103;53.83156371116638;openai/gpt-oss-120b;;H100-NVL;0.8078396320343018;0.15505902114909068
104;56.33376669883728;openai/gpt-oss-120b;;H100-NVL;2.5022029876708984;0.16303927981863267
105;56.65087366104126;openai/gpt-oss-120b;;H100-NVL;0.3171069622039795;0.16405062685832908
106;56.84896731376648;openai/gpt-oss-120b;;H100-NVL;0.19809365272521973;0.16468240557385733
108;58.19904899597168;openai/gpt-oss-120b;;H100-NVL;1.3500816822052002;0.16898821173830308
107;58.33657908439636;openai/gpt-oss-120b;;H100-NVL;0.13753008842468262;0.1694268354973993
109;58.93448567390442;openai/gpt-oss-120b;;H100-NVL;0.5979065895080566;0.17133373484489758
110;61.610697746276855;openai/gpt-oss-120b;;H100-NVL;2.6762120723724365;0.17986895948387163
111;61.63974857330322;openai/gpt-oss-120b;;H100-NVL;0.029050827026367188;0.17996161108543107
112;65.02170300483704;openai/gpt-oss-120b;;H100-NVL;3.3819544315338135;0.1907476549456718
113;66.13242316246033;openai/gpt-oss-120b;;H100-NVL;1.110720157623291;0.194290067056513
114;66.76348614692688;openai/gpt-oss-120b;;H100-NVL;0.6310629844665527;0.19630271186495993
115;67.21185517311096;openai/gpt-oss-120b;;H100-NVL;0.44836902618408203;0.19773269209677566
116;67.48281574249268;openai/gpt-oss-120b;;H100-NVL;0.27096056938171387;0.19859686476524696
117;68.219402551651;openai/gpt-oss-120b;;H100-NVL;0.7365868091583252;0.2009460559773986
118;69.95036268234253;openai/gpt-oss-120b;;H100-NVL;1.7309601306915283;0.2064665951413457
119;71.77087235450745;openai/gpt-oss-120b;;H100-NVL;1.820509672164917;0.21227273403809532
120;72.3593339920044;openai/gpt-oss-120b;;H100-NVL;0.5884616374969482;0.214149510665518
121;72.48512983322144;openai/gpt-oss-120b;;H100-NVL;0.12579584121704102;0.21455071047121366
123;72.49482107162476;openai/gpt-oss-120b;;H100-NVL;0.009691238403320312;0.2145816186707753
122;72.52732729911804;openai/gpt-oss-120b;;H100-NVL;0.03250622749328613;0.2146852905571273
124;72.7277512550354;openai/gpt-oss-120b;;H100-NVL;0.2004239559173584;0.215324501292497
125;72.87000274658203;openai/gpt-oss-120b;;H100-NVL;0.14225149154663086;0.21577818298989077
126;73.4398865699768;openai/gpt-oss-120b;;H100-NVL;0.5698838233947754;0.217595709523384
127;73.56319379806519;openai/gpt-oss-120b;;H100-NVL;0.1233072280883789;0.21798897241245335
128;74.49865555763245;openai/gpt-oss-120b;;H100-NVL;0.9354617595672607;0.22097243412742815
129;75.43135523796082;openai/gpt-oss-120b;;H100-NVL;0.9326996803283691;0.22394708676220412
130;76.18221020698547;openai/gpt-oss-120b;;H100-NVL;0.7508549690246582;0.22634178331786015
131;77.6724009513855;openai/gpt-oss-120b;;H100-NVL;1.4901907444000244;0.2310944383445968
132;79.81576466560364;openai/gpt-oss-120b;;H100-NVL;2.1433637142181396;0.2379302534030275
133;80.66678738594055;openai/gpt-oss-120b;;H100-NVL;0.8510227203369141;0.2406444142746311
134;81.52404737472534;openai/gpt-oss-120b;;H100-NVL;0.85725998878479;0.2433784676233241
136;82.3607497215271;openai/gpt-oss-120b;;H100-NVL;0.8367023468017578;0.24604695662673068
135;82.56435751914978;openai/gpt-oss-120b;;H100-NVL;0.20360779762268066;0.24669632156641416
137;83.69681191444397;openai/gpt-oss-120b;;H100-NVL;1.1324543952941895;0.2503080505310253
139;84.29223394393921;openai/gpt-oss-120b;;H100-NVL;0.5954220294952393;0.2522070258884716
140;84.50755715370178;openai/gpt-oss-120b;;H100-NVL;0.21532320976257324;0.25289375471100445
138;84.57017183303833;openai/gpt-oss-120b;;H100-NVL;0.06261467933654785;0.25309345127442406
141;84.77863931655884;openai/gpt-oss-120b;;H100-NVL;0.2084674835205078;0.25375831517670505
143;85.18459367752075;openai/gpt-oss-120b;;H100-NVL;0.40595436096191406;0.2550530226103015
142;85.57065296173096;openai/gpt-oss-120b;;H100-NVL;0.3860592842102051;0.2562842788133178
144;86.3198516368866;openai/gpt-oss-120b;;H100-NVL;0.7491986751556396;0.25867369296240145
145;86.69833517074585;openai/gpt-oss-120b;;H100-NVL;0.37848353385925293;0.2598807878772591
147;86.97147798538208;openai/gpt-oss-120b;;H100-NVL;0.27314281463623047;0.26075192036541617
146;87.02396941184998;openai/gpt-oss-120b;;H100-NVL;0.05249142646789551;0.26091933090853003
148;87.19317746162415;openai/gpt-oss-120b;;H100-NVL;0.16920804977416992;0.26145898497049863
150;87.92537951469421;openai/gpt-oss-120b;;H100-NVL;0.7322020530700684;0.26379419191040715
149;87.95562720298767;openai/gpt-oss-120b;;H100-NVL;0.03024768829345703;0.2638906606533216
151;88.40606093406677;openai/gpt-oss-120b;;H100-NVL;0.45043373107910156;0.2653272258341681
153;89.96315336227417;openai/gpt-oss-120b;;H100-NVL;1.5570924282073975;0.2702932499380106
152;90.13195538520812;openai/gpt-oss-120b;;H100-NVL;0.16880202293394575;0.27083160906138803
154;90.21296191215517;openai/gpt-oss-120b;;H100-NVL;0.0810065269470499;0.27108996261709234
155;90.9266278743744;openai/gpt-oss-120b;;H100-NVL;0.7136659622192383;0.27336605253074814
156;91.09217238426208;openai/gpt-oss-120b;;H100-NVL;0.1655445098876811;0.273894022490314
157;91.58150458335876;openai/gpt-oss-120b;;H100-NVL;0.4893321990966797;0.27545464628597266
158;92.1078827381134;openai/gpt-oss-120b;;H100-NVL;0.5263781547546387;0.27713342049159706
159;92.3180034160614;openai/gpt-oss-120b;;H100-NVL;0.21012067794799805;0.2778035569154231
160;93.06134700775146;openai/gpt-oss-120b;;H100-NVL;0.7433435916900635;0.28017429748733597
161;93.42122101783752;openai/gpt-oss-120b;;H100-NVL;0.35987401008605957;0.2813220411768299
162;93.59309887886047;openai/gpt-oss-120b;;H100-NVL;0.17187786102294922;0.2818702100493351
163;93.9536292552948;openai/gpt-oss-120b;;H100-NVL;0.36053037643432617;0.28302004708348055
164;94.35166263580322;openai/gpt-oss-120b;;H100-NVL;0.39803338050842285;0.28428949218894184
165;94.36559653282166;openai/gpt-oss-120b;;H100-NVL;0.013933897018432617;0.28433393147025904
166;94.51236295700072;openai/gpt-oss-120b;;H100-NVL;0.14676642417906294;0.2848020126110472
167;94.83951878547668;openai/gpt-oss-120b;;H100-NVL;0.32715582847596636;0.28584540843039147
169;95.39513969421388;openai/gpt-oss-120b;;H100-NVL;0.5556209087371968;0.2876174463488883
171;95.39618062973022;openai/gpt-oss-120b;;H100-NVL;0.001040935516343211;0.28762076619732574
168;95.56523442268372;openai/gpt-oss-120b;;H100-NVL;0.1690537929534912;0.2881599282890838
170;95.78738236427309;openai/gpt-oss-120b;;H100-NVL;0.22214794158936968;0.2888684231815944
173;96.54715156555176;openai/gpt-oss-120b;;H100-NVL;0.7597692012786723;0.29129154983647815
172;96.644779920578;openai/gpt-oss-120b;;H100-NVL;0.09762835502624512;0.2916029152734272
174;97.5690460205078;openai/gpt-oss-120b;;H100-NVL;0.9242660999297954;0.29455067074861113
175;97.92999482154846;openai/gpt-oss-120b;;H100-NVL;0.3609488010406636;0.2957018422614574
176;98.63568377494812;openai/gpt-oss-120b;;H100-NVL;0.7056889533996582;0.2979524911560979
177;98.678861618042;openai/gpt-oss-120b;;H100-NVL;0.04317784309388628;0.29809019795222114
179;98.68243384361269;openai/gpt-oss-120b;;H100-NVL;0.003572225570678711;0.29810159082650844
178;98.84641408920288;openai/gpt-oss-120b;;H100-NVL;0.16398024559019575;0.29862457188877745
180;99.15463709831238;openai/gpt-oss-120b;;H100-NVL;0.30822300910949707;0.29960758539836
181;99.63055515289308;openai/gpt-oss-120b;;H100-NVL;0.4759180545807027;0.3011254275557601
182;100.42726254463196;openai/gpt-oss-120b;;H100-NVL;0.7967073917388774;0.30366636092581034
183;100.45554113388062;openai/gpt-oss-120b;;H100-NVL;0.028278589248657227;0.3037565496347704
184;101.27979373931883;openai/gpt-oss-120b;;H100-NVL;0.8242526054382182;0.30638533276421726
185;101.74448704719543;openai/gpt-oss-120b;;H100-NVL;0.4646933078766011;0.3078673759146462
187;102.42211198806764;openai/gpt-oss-120b;;H100-NVL;0.6776249408722066;0.31002852044837836
186;102.42742800712584;openai/gpt-oss-120b;;H100-NVL;0.005316019058199117;0.3100454747911658
188;104.67177534103394;openai/gpt-oss-120b;;H100-NVL;2.2443473339080953;0.317203356208914
190;104.98362803459167;openai/gpt-oss-120b;;H100-NVL;0.31185269355773926;0.31819794584598443
189;105.4813928604126;openai/gpt-oss-120b;;H100-NVL;0.49776482582092285;0.31978546375968814
191;107.09111380577087;openai/gpt-oss-120b;;H100-NVL;1.6097209453582764;0.3249193356290108
192;107.90428566932678;openai/gpt-oss-120b;;H100-NVL;0.8131718635559082;0.327512779025068
194;108.09799671173096;openai/gpt-oss-120b;;H100-NVL;0.1937110424041748;0.3281305803118337
193;108.10598468780518;openai/gpt-oss-120b;;H100-NVL;0.00798797607421875;0.32815605630863826
195;108.1670470237732;openai/gpt-oss-120b;;H100-NVL;0.06106233596801758;0.32835080199409716
196;108.97663283348083;openai/gpt-oss-120b;;H100-NVL;0.8095858097076416;0.330932808413437
197;109.37812089920044;openai/gpt-oss-120b;;H100-NVL;0.4014880657196045;0.33221327152253066
198;109.71567845344543;openai/gpt-oss-120b;;H100-NVL;0.3375575542449951;0.33328984149387436
199;110.94494438171388;openai/gpt-oss-120b;;H100-NVL;1.2292659282684468;0.33721033081051777
200;111.76891899108888;openai/gpt-oss-120b;;H100-NVL;0.823974609375;0.3398382273290444
201;111.9583592414856;openai/gpt-oss-120b;;H100-NVL;0.1894402503967143;0.340442407808421
202;112.37555360794067;openai/gpt-oss-120b;;H100-NVL;0.4171943664550781;0.34177296291373893
203;113.197167634964;openai/gpt-oss-120b;;H100-NVL;0.8216140270233296;0.3443933308433102
205;113.9838662147522;openai/gpt-oss-120b;;H100-NVL;0.7866985797881938;0.34690234317868224
204;114.18490958213806;openai/gpt-oss-120b;;H100-NVL;0.20104336738586426;0.3475435293987612
206;114.80422639846802;openai/gpt-oss-120b;;H100-NVL;0.619316816329956;0.3495187122344714
207;114.8788595199585;openai/gpt-oss-120b;;H100-NVL;0.07463312149047852;0.3497567391322667
208;114.97018909454346;openai/gpt-oss-120b;;H100-NVL;0.09132957458496094;0.3500480159123514
209;115.43900656700134;openai/gpt-oss-120b;;H100-NVL;0.46881747245788574;0.3515432122323339
210;116.06560277938844;openai/gpt-oss-120b;;H100-NVL;0.6265962123870992;0.3535416111955047
211;116.75105214118958;openai/gpt-oss-120b;;H100-NVL;0.6854493618011333;0.35572771010074866
213;117.24255299568176;openai/gpt-oss-120b;;H100-NVL;0.4915008544921875;0.3572952503740498
212;117.26471281051636;openai/gpt-oss-120b;;H100-NVL;0.022159814834594727;0.35736592451812227
215;117.61104011535645;openai/gpt-oss-120b;;H100-NVL;0.3463273048400879;0.35847046379433894
214;117.86189103126526;openai/gpt-oss-120b;;H100-NVL;0.2508509159088135;0.35927050088417845
216;118.4382004737854;openai/gpt-oss-120b;;H100-NVL;0.5763094425201416;0.3611085206002732
217;119.68797540664671;openai/gpt-oss-120b;;H100-NVL;1.249774932861314;0.3650944191433112
218;119.77887535095216;openai/gpt-oss-120b;;H100-NVL;0.09089994430544834;0.3653843257065192
220;119.91337943077087;openai/gpt-oss-120b;;H100-NVL;0.13450407981871138;0.36581329863731293
219;119.914626121521;openai/gpt-oss-120b;;H100-NVL;0.0012466907501220703;0.3658172746994933
221;120.08949089050292;openai/gpt-oss-120b;;H100-NVL;0.17486476898191938;0.3663749696968781
224;120.4227261543274;openai/gpt-oss-120b;;H100-NVL;0.3332352638244913;0.36743775461730055
222;120.42922163009644;openai/gpt-oss-120b;;H100-NVL;0.006495475769028758;0.3674584705932122
223;120.64824151992798;openai/gpt-oss-120b;;H100-NVL;0.21901988983154297;0.3681569892119023
225;120.84203290939332;openai/gpt-oss-120b;;H100-NVL;0.19379138946534624;0.36877504674899403
226;121.09900665283205;openai/gpt-oss-120b;;H100-NVL;0.2569737434387207;0.3695946113302954
228;123.06107544898988;openai/gpt-oss-120b;;H100-NVL;1.962068796157837;0.375852223761392
227;123.17356419563292;openai/gpt-oss-120b;;H100-NVL;0.11248874664303798;0.37621098334246805
229;123.72444009780884;openai/gpt-oss-120b;;H100-NVL;0.5508759021759175;0.3779678880443816
230;124.06904911994934;openai/gpt-oss-120b;;H100-NVL;0.34460902214050293;0.3790669472134776
231;124.65102124214172;openai/gpt-oss-120b;;H100-NVL;0.5819721221923828;0.38092302687465673
232;125.043208360672;openai/gpt-oss-120b;;H100-NVL;0.39218711853027344;0.38217382653725607
233;185.73654651641849;openai/gpt-oss-120b;;H100-NVL;60.69333815574649;0.575742669827497
234;188.24274468421936;openai/gpt-oss-120b;;H100-NVL;2.506198167800875;0.5837356702973748
235;194.93193101882932;openai/gpt-oss-120b;;H100-NVL;6.689186334609957;0.6050694459750394
236;195.2712399959564;openai/gpt-oss-120b;;H100-NVL;0.3393089771270752;0.6061516017472585
237;196.1593918800354;openai/gpt-oss-120b;;H100-NVL;0.8881518840790079;0.6089841784037946
241;200.580144405365;openai/gpt-oss-120b;;H100-NVL;4.42075252532959;0.6230832538345211
242;200.61687779426572;openai/gpt-oss-120b;;H100-NVL;0.036733388900728414;0.6232004073774915
238;200.6415648460388;openai/gpt-oss-120b;;H100-NVL;0.02468705177307129;0.6232791416208395
239;200.8274476528168;openai/gpt-oss-120b;;H100-NVL;0.18588280677801094;0.6238719763699059
240;201.0112581253052;openai/gpt-oss-120b;;H100-NVL;0.18381047248840332;0.6244582018375662
244;203.69010639190677;openai/gpt-oss-120b;;H100-NVL;2.6788482666015625;0.6330018340725487
243;203.71490931510925;openai/gpt-oss-120b;;H100-NVL;0.024802923202486227;0.6330809378638446
245;204.14251923561096;openai/gpt-oss-120b;;H100-NVL;0.427609920501709;0.634444711223592
246;204.54579877853396;openai/gpt-oss-120b;;H100-NVL;0.40327954292300205;0.6357308878785307
247;205.06133460998532;openai/gpt-oss-120b;;H100-NVL;0.5155358314513592;0.6373750827374892
248;205.2135121822357;openai/gpt-oss-120b;;H100-NVL;0.1521775722503662;0.6378604216153679
249;206.18022680282596;openai/gpt-oss-120b;;H100-NVL;0.9667146205902668;0.6409435578636862
250;207.66699862480164;openai/gpt-oss-120b;;H100-NVL;1.4867718219756796;0.645685308944799
251;208.5965015888214;openai/gpt-oss-120b;;H100-NVL;0.9295029640197754;0.6486497663143781
252;210.1721150875092;openai/gpt-oss-120b;;H100-NVL;1.575613498687801;0.6536748595401098
253;210.83056473731995;openai/gpt-oss-120b;;H100-NVL;0.6584496498107342;0.6557748484507818
254;210.91977620124817;openai/gpt-oss-120b;;H100-NVL;0.08921146392822266;0.6560593699552095
255;211.06371355056763;openai/gpt-oss-120b;;H100-NVL;0.143937349319458;0.6565184283471295
257;212.70991468429563;openai/gpt-oss-120b;;H100-NVL;1.646201133727999;0.6617686462287216
256;212.72254943847656;openai/gpt-oss-120b;;H100-NVL;0.012634754180936625;0.6618089421627791
258;215.293785572052;openai/gpt-oss-120b;;H100-NVL;2.5712361335754395;0.6700093677667405
260;215.965136051178;openai/gpt-oss-120b;;H100-NVL;0.671350479126005;0.6721505012030543
259;215.9783797264099;openai/gpt-oss-120b;;H100-NVL;0.013243675231905172;0.6721927391648052
261;217.29034233093265;openai/gpt-oss-120b;;H100-NVL;1.3119626045227335;0.6763769724186399
262;217.8674440383911;openai/gpt-oss-120b;;H100-NVL;0.5771017074584677;0.6782175188998188
264;218.5171229839325;openai/gpt-oss-120b;;H100-NVL;0.6496789455413818;0.6802895354640711
263;218.56101775169373;openai/gpt-oss-120b;;H100-NVL;0.04389476776123047;0.6804295287430736
265;218.995441198349;openai/gpt-oss-120b;;H100-NVL;0.43442344665527344;0.6818150324346227
268;219.75983715057373;openai/gpt-oss-120b;;H100-NVL;0.7643959522247314;0.6842529151542746
266;219.7684497833252;openai/gpt-oss-120b;;H100-NVL;0.008612632751464844;0.6842803833642963
270;219.87220525741577;openai/gpt-oss-120b;;H100-NVL;0.10375547409057617;0.6846112899796684
267;220.0098626613617;openai/gpt-oss-120b;;H100-NVL;0.13765740394592285;0.6850503197852752
269;220.07425379753116;openai/gpt-oss-120b;;H100-NVL;0.06439113616946202;0.6852556819901762
271;221.1387944221497;openai/gpt-oss-120b;;H100-NVL;1.0645406246185303;0.6886508140360377
274;221.3974325656891;openai/gpt-oss-120b;;H100-NVL;0.2586381435394003;0.68947568687706
273;221.41956067085263;openai/gpt-oss-120b;;H100-NVL;0.022128105163545797;0.689546259889698
272;221.46337866783145;openai/gpt-oss-120b;;H100-NVL;0.04381799697881661;0.6896860083241756
275;223.917772769928;openai/gpt-oss-120b;;H100-NVL;2.4543941020965576;0.6975137904458653
276;224.9924590587616;openai/gpt-oss-120b;;H100-NVL;1.0746862888335897;0.7009412799883844
277;225.3159546852112;openai/gpt-oss-120b;;H100-NVL;0.3234956264496134;0.7019730023507402
279;225.8977599143982;openai/gpt-oss-120b;;H100-NVL;0.5818052291869833;0.7038285497412123
278;226.22622203826904;openai/gpt-oss-120b;;H100-NVL;0.3284621238708496;0.704876111719418
280;227.0208592414856;openai/gpt-oss-120b;;H100-NVL;0.7946372032165527;0.7074104426515427
282;227.25656127929688;openai/gpt-oss-120b;;H100-NVL;0.2357020378112793;0.708162165529319
281;227.51471853256223;openai/gpt-oss-120b;;H100-NVL;0.25815725326535244;0.7089855046703187
283;228.41907715797424;openai/gpt-oss-120b;;H100-NVL;0.9043586254120157;0.711869769374813
284;228.54405117034912;openai/gpt-oss-120b;;H100-NVL;0.12497401237487793;0.7122683481274706
286;229.0190622806549;openai/gpt-oss-120b;;H100-NVL;0.47501111030578613;0.7137832977737721
285;229.03398656845093;openai/gpt-oss-120b;;H100-NVL;0.014924287796020508;0.7138308957015413
287;229.74421072006223;openai/gpt-oss-120b;;H100-NVL;0.7102241516112997;0.7160960086724477
288;230.14004707336423;openai/gpt-oss-120b;;H100-NVL;0.39583635330200195;0.7173584468142463
289;230.6249947547913;openai/gpt-oss-120b;;H100-NVL;0.4849476814270588;0.7189050870980488
290;230.778067111969;openai/gpt-oss-120b;;H100-NVL;0.15307235717770595;0.7193932797073029
291;231.3149733543396;openai/gpt-oss-120b;;H100-NVL;0.5369062423706055;0.7211056310698907
293;232.6103229522705;openai/gpt-oss-120b;;H100-NVL;1.2953495979309082;0.7252368805767894
292;232.68788266181943;openai/gpt-oss-120b;;H100-NVL;0.07755970954892177;0.725484241221623
294;233.6239411830902;openai/gpt-oss-120b;;H100-NVL;0.9360585212707804;0.7284696061845684
295;241.02040433883667;openai/gpt-oss-120b;;H100-NVL;7.39646315574646;0.752059094932456
296;241.3247091770172;openai/gpt-oss-120b;;H100-NVL;0.304304838180542;0.7530296122466146
297;244.9960186481476;openai/gpt-oss-120b;;H100-NVL;3.6713094711303995;0.7647384941318653
298;315.89743995666504;openai/gpt-oss-120b;;H100-NVL;70.90142130851743;0.9908639063658328
299;318.7620539665222;openai/gpt-oss-120b;;H100-NVL;2.8646140098571777;1.0
0;4.875029563903809;openai/gpt-oss-120b;;H100-NVL;0.0;0.0
2;5.172467231750488;openai/gpt-oss-120b;;H100-NVL;0.2974376678466797;0.0009530662839126524
3;5.209009408950806;openai/gpt-oss-120b;;H100-NVL;0.03654217720031738;0.0010701567562879822
4;5.230542182922363;openai/gpt-oss-120b;;H100-NVL;0.021532773971557617;0.0011391532657750794
1;5.265461683273315;openai/gpt-oss-120b;;H100-NVL;0.03491950035095215;0.0012510442669267012
6;5.274179935455322;openai/gpt-oss-120b;;H100-NVL;0.008718252182006836;0.0012789797744549598
5;5.3170249462127686;openai/gpt-oss-120b;;H100-NVL;0.04284501075744629;0.0014162661359384211
7;5.512263774871826;openai/gpt-oss-120b;;H100-NVL;0.19523882865905762;0.0020418612270129773
8;5.797800779342651;openai/gpt-oss-120b;;H100-NVL;0.2855370044708252;0.0029567947448175804
12;6.307486295700073;openai/gpt-oss-120b;;H100-NVL;0.5096855163574219;0.00458995736526035
10;6.520041942596436;openai/gpt-oss-120b;;H100-NVL;0.2125556468963632;0.005271039966461321
13;6.536601781845093;openai/gpt-oss-120b;;H100-NVL;0.01655983924865634;0.005324101922497915
9;6.568195343017578;openai/gpt-oss-120b;;H100-NVL;0.03159356117248535;0.005425335764735237
11;6.827558517456055;openai/gpt-oss-120b;;H100-NVL;0.25936317443847656;0.006256401643631541
14;6.939267158508301;openai/gpt-oss-120b;;H100-NVL;0.1117086410522461;0.0066143446714240954
17;7.060793161392212;openai/gpt-oss-120b;;H100-NVL;0.12152600288391113;0.007003745034887913
18;7.163864135742188;openai/gpt-oss-120b;;H100-NVL;0.10307097434997647;0.007334010771619096
15;7.199700593948364;openai/gpt-oss-120b;;H100-NVL;0.03583645820617587;0.0074488399400240764
19;7.277768850326538;openai/gpt-oss-120b;;H100-NVL;0.07806825637817383;0.007698990580111261
16;7.489315986633301;openai/gpt-oss-120b;;H100-NVL;0.2115471363067627;0.008376841655705958
21;8.309845924377441;openai/gpt-oss-120b;;H100-NVL;0.8205299377441406;0.011006029223865602
20;8.351695537567139;openai/gpt-oss-120b;;H100-NVL;0.041849613189697266;0.011140126077215214
22;8.477840185165405;openai/gpt-oss-120b;;H100-NVL;0.1261446475982666;0.011544325758420095
26;8.583154439926147;openai/gpt-oss-120b;;H100-NVL;0.10531425476074219;0.011881779538751608
23;8.61736249923706;openai/gpt-oss-120b;;H100-NVL;0.034208059310913086;0.011991390901035827
24;8.696496486663818;openai/gpt-oss-120b;;H100-NVL;0.07913398742675781;0.01224495641569985
25;8.73865818977356;openai/gpt-oss-120b;;H100-NVL;0.04216170310974121;0.012380053284893106
28;9.046956062316896;openai/gpt-oss-120b;;H100-NVL;0.30829787254333674;0.01336791843946564
27;9.171123504638672;openai/gpt-oss-120b;;H100-NVL;0.12416744232177557;0.013765782649783327
29;9.56006407737732;openai/gpt-oss-120b;;H100-NVL;0.38894057273864746;0.01501204762021054
31;10.979350090026855;openai/gpt-oss-120b;;H100-NVL;1.4192860126495361;0.01955980263617026
32;11.04500412940979;openai/gpt-oss-120b;;H100-NVL;0.06565403938293457;0.019770174953138542
30;11.057552337646484;openai/gpt-oss-120b;;H100-NVL;0.012548208236694336;0.019810382618430194
33;11.131283044815063;openai/gpt-oss-120b;;H100-NVL;0.0737307071685791;0.020046634642594235
34;12.573620080947876;openai/gpt-oss-120b;;H100-NVL;1.4423370361328125;0.024668251027393475
38;12.980348110198976;openai/gpt-oss-120b;;H100-NVL;0.4067280292511004;0.02597151155323003
36;13.058873414993286;openai/gpt-oss-120b;;H100-NVL;0.07852530479430975;0.026223126693219627
35;13.154513359069824;openai/gpt-oss-120b;;H100-NVL;0.09563994407653809;0.026529581510306297
39;13.264878988265991;openai/gpt-oss-120b;;H100-NVL;0.11036562919616699;0.026883221184968796
37;13.453457355499268;openai/gpt-oss-120b;;H100-NVL;0.18857836723327637;0.027487474455869167
41;14.11010766029358;openai/gpt-oss-120b;;H100-NVL;0.6566503047943133;0.029591549808366296
40;14.111652612686155;openai/gpt-oss-120b;;H100-NVL;0.0015449523925745723;0.02959650023057164
44;14.122741460800173;openai/gpt-oss-120b;;H100-NVL;0.011088848114017225;0.029632031733159758
42;14.351666927337646;openai/gpt-oss-120b;;H100-NVL;0.2289254665374738;0.030365567419024218
43;14.41565465927124;openai/gpt-oss-120b;;H100-NVL;0.06398773193359375;0.030570600461178734
45;14.539104461669922;openai/gpt-oss-120b;;H100-NVL;0.12344980239868164;0.030966165169823878
47;14.705995082855225;openai/gpt-oss-120b;;H100-NVL;0.16689062118530273;0.03150092536110853
50;14.899255514144896;openai/gpt-oss-120b;;H100-NVL;0.19326043128967108;0.03212018116152567
48;14.975800514221191;openai/gpt-oss-120b;;H100-NVL;0.07654500007629572;0.03236545089922552
46;15.020201921463013;openai/gpt-oss-120b;;H100-NVL;0.04440140724182129;0.03250772435270844
49;15.048835039138794;openai/gpt-oss-120b;;H100-NVL;0.02863311767578125;0.03259947217758097
51;15.119040727615356;openai/gpt-oss-120b;;H100-NVL;0.0702056884765625;0.03282442914120394
52;15.170960664749146;openai/gpt-oss-120b;;H100-NVL;0.05191993713378906;0.03299079388546554
54;15.180658340454102;openai/gpt-oss-120b;;H100-NVL;0.009697675704956055;0.033021867716206695
53;15.389809131622314;openai/gpt-oss-120b;;H100-NVL;0.2091507911682129;0.03369204028970479
55;15.579241275787354;openai/gpt-oss-120b;;H100-NVL;0.18943214416503906;0.03429902928003685
56;16.523849487304688;openai/gpt-oss-120b;;H100-NVL;0.944608211517334;0.03732579533970172
58;17.252170085906982;openai/gpt-oss-120b;;H100-NVL;0.7283205986022949;0.039659520625514325
60;17.25848150253296;openai/gpt-oss-120b;;H100-NVL;0.0063114166259765625;0.03967974401696804
59;17.355873346328735;openai/gpt-oss-120b;;H100-NVL;0.09739184379577637;0.03999181236837029
57;17.481211185455322;openai/gpt-oss-120b;;H100-NVL;0.12533783912658691;0.040393426829090154
62;17.5663583278656;openai/gpt-oss-120b;;H100-NVL;0.08514714241027832;0.0406662600286988
61;17.625503063201904;openai/gpt-oss-120b;;H100-NVL;0.05914473533630371;0.04085577487235682
63;17.87244200706482;openai/gpt-oss-120b;;H100-NVL;0.24693894386291504;0.04164703034206437
64;18.207563400268555;openai/gpt-oss-120b;;H100-NVL;0.33512139320373535;0.0427208449103152
65;18.54648518562317;openai/gpt-oss-120b;;H100-NVL;0.33892178535461426;0.043806836906027956
66;18.982423782348636;openai/gpt-oss-120b;;H100-NVL;0.4359385967254674;0.0452036955534317
67;21.00955367088318;openai/gpt-oss-120b;;H100-NVL;2.0271298885345423;0.051699137653488006
69;21.02642583847046;openai/gpt-oss-120b;;H100-NVL;0.016872167587280273;0.05175320038932229
68;21.06809091567993;openai/gpt-oss-120b;;H100-NVL;0.041665077209472656;0.05188670594224182
72;22.270719289779663;openai/gpt-oss-120b;;H100-NVL;1.2026283740997314;0.05574023452767293
71;22.39065814018249;openai/gpt-oss-120b;;H100-NVL;0.11993885040282848;0.05612454924906559
70;22.397605657577515;openai/gpt-oss-120b;;H100-NVL;0.006947517395023084;0.05614681086990881
73;22.65291142463684;openai/gpt-oss-120b;;H100-NVL;0.25530576705932617;0.05696487577888371
74;25.05054020881653;openai/gpt-oss-120b;;H100-NVL;2.3976287841796875;0.06464749100406106
76;25.64341926574707;openai/gpt-oss-120b;;H100-NVL;0.592879056930542;0.06654722698467566
75;25.904637813568115;openai/gpt-oss-120b;;H100-NVL;0.2612185478210449;0.06738423795394265
77;26.681016206741333;openai/gpt-oss-120b;;H100-NVL;0.7763783931732178;0.06987195269245752
78;27.43940138816833;openai/gpt-oss-120b;;H100-NVL;0.7583851814269984;0.07230201258322304
79;28.14635324478149;openai/gpt-oss-120b;;H100-NVL;0.7069518566131592;0.07456726695993084
80;28.702778577804565;openai/gpt-oss-120b;;H100-NVL;0.5564253330230748;0.07635019589512045
81;30.884671688079838;openai/gpt-oss-120b;;H100-NVL;2.181893110275272;0.0833415389000575
82;31.60876488685608;openai/gpt-oss-120b;;H100-NVL;0.7240931987762416;0.0856617185167153
83;32.52412462234497;openai/gpt-oss-120b;;H100-NVL;0.9153597354888916;0.08859476498611997
84;33.16826510429382;openai/gpt-oss-120b;;H100-NVL;0.6441404819488525;0.09065875566992654
86;33.53841042518616;openai/gpt-oss-120b;;H100-NVL;0.370145320892334;0.09184479585120027
88;33.657970666885376;openai/gpt-oss-120b;;H100-NVL;0.11956024169921875;0.09222789741357101
85;33.74789214134216;openai/gpt-oss-120b;;H100-NVL;0.08992147445678711;0.09251602879291149
87;33.76087594032288;openai/gpt-oss-120b;;H100-NVL;0.012983798980719996;0.09255763220224161
89;34.93127202987671;openai/gpt-oss-120b;;H100-NVL;1.170396089553826;0.09630788031255141
90;34.977301597595215;openai/gpt-oss-120b;;H100-NVL;0.04602956771850586;0.09645537080820106
92;35.33268070220947;openai/gpt-oss-120b;;H100-NVL;0.3553791046142578;0.09759409625971148
91;35.39368391036987;openai/gpt-oss-120b;;H100-NVL;0.06100320816040039;0.09778956612514275
93;35.624255418777466;openai/gpt-oss-120b;;H100-NVL;0.23057150840759277;0.09852837614972725
95;36.16385579109192;openai/gpt-oss-120b;;H100-NVL;0.5396003723144531;0.10025739361198328
94;36.64434790611267;openai/gpt-oss-120b;;H100-NVL;0.48049211502075195;0.10179701311555005
96;36.77112984657288;openai/gpt-oss-120b;;H100-NVL;0.12678194046021218;0.10220325484591465
97;38.00700879096985;openai/gpt-oss-120b;;H100-NVL;1.2358789443969656;0.10616332675418912
98;38.06149458885193;openai/gpt-oss-120b;;H100-NVL;0.05448579788208008;0.10633791317187263
99;39.17864418029785;openai/gpt-oss-120b;;H100-NVL;1.1171495914459229;0.10991754589761984
100;39.21406173706055;openai/gpt-oss-120b;;H100-NVL;0.03541755676269531;0.11003103279876945
101;41.179542779922485;openai/gpt-oss-120b;;H100-NVL;1.9654810428619385;0.11632893624584324
102;41.31574463844299;openai/gpt-oss-120b;;H100-NVL;0.1362018585205078;0.11676536180048769
103;41.66025733947754;openai/gpt-oss-120b;;H100-NVL;0.3445127010345459;0.11786926851853308
104;41.95595121383667;openai/gpt-oss-120b;;H100-NVL;0.29569387435913086;0.11881674724256766
105;42.03148698806763;openai/gpt-oss-120b;;H100-NVL;0.07553577423095703;0.1190587831627991
106;43.42825865745544;openai/gpt-oss-120b;;H100-NVL;1.3967716693878103;0.1235343964704724
108;44.94647526741028;openai/gpt-oss-120b;;H100-NVL;1.518216609954841;0.1283991503972346
107;45.35897612571716;openai/gpt-oss-120b;;H100-NVL;0.41250085830688477;0.1297209085423394
109;51.25468325614929;openai/gpt-oss-120b;;H100-NVL;5.895707130432129;0.14861226055742682
110;53.67711234092712;openai/gpt-oss-120b;;H100-NVL;2.422429084777825;0.15637434228226477
111;54.11972141265869;openai/gpt-oss-120b;;H100-NVL;0.4426090717315745;0.15779257483591255
112;54.91716074943543;openai/gpt-oss-120b;;H100-NVL;0.7974393367767405;0.1603477742188614
113;55.001009941101074;openai/gpt-oss-120b;;H100-NVL;0.08384919166564231;0.1606164484526543
114;55.65856957435608;openai/gpt-oss-120b;;H100-NVL;0.6575596332550049;0.16272343752587537
115;58.86164093017578;openai/gpt-oss-120b;;H100-NVL;3.203071355819702;0.17298689654335173
116;60.023581981658936;openai/gpt-oss-120b;;H100-NVL;1.1619410514831543;0.1767100525513979
118;63.0503146648407;openai/gpt-oss-120b;;H100-NVL;3.0267326831817627;0.18640847740673258
117;63.26720666885376;openai/gpt-oss-120b;;H100-NVL;0.21689200401306152;0.18710345480408647
119;63.35374426841736;openai/gpt-oss-120b;;H100-NVL;0.08653759956359863;0.18738074338367994
120;63.845998764038086;openai/gpt-oss-120b;;H100-NVL;0.49225449562072754;0.1889580525600092
121;64.73643040657043;openai/gpt-oss-120b;;H100-NVL;0.8904316425323486;0.19181122305038567
122;64.8376259803772;openai/gpt-oss-120b;;H100-NVL;0.1011955738067627;0.19213547952460647
123;65.82278227806091;openai/gpt-oss-120b;;H100-NVL;0.9851562976837158;0.19529217201249455
124;67.30644583702087;openai/gpt-oss-120b;;H100-NVL;1.483663558959961;0.20004620913547078
125;70.8616042137146;openai/gpt-oss-120b;;H100-NVL;3.5551583766937256;0.21143784492701753
126;72.09174299240112;openai/gpt-oss-120b;;H100-NVL;1.2301387786865234;0.2153795238777278
127;73.04180788993835;openai/gpt-oss-120b;;H100-NVL;0.9500648975372314;0.21842377455359852
128;73.06287384033203;openai/gpt-oss-120b;;H100-NVL;0.021065950393676758;0.2184912752410674
129;74.16679382324219;openai/gpt-oss-120b;;H100-NVL;1.1039199829101562;0.22202851692086512
130;74.78938007354736;openai/gpt-oss-120b;;H100-NVL;0.6225862503051758;0.22402344233932062
132;75.41020584106445;openai/gpt-oss-120b;;H100-NVL;0.6208257675170898;0.22601272672111494
131;75.74820685386658;openai/gpt-oss-120b;;H100-NVL;0.338001012802124;0.22709576832630965
134;75.9740879535675;openai/gpt-oss-120b;;H100-NVL;0.22588109970092773;0.22781954908298582
133;76.04595923423767;openai/gpt-oss-120b;;H100-NVL;0.07187128067016602;0.2280498430295604
135;76.59141778945923;openai/gpt-oss-120b;;H100-NVL;0.5454585552215576;0.22979763160663247
136;78.59043884277344;openai/gpt-oss-120b;;H100-NVL;1.999021053314209;0.23620300581675907
137;79.36432456970215;openai/gpt-oss-120b;;H100-NVL;0.7738857269287109;0.23868273341574356
139;79.820809841156;openai/gpt-oss-120b;;H100-NVL;0.4564852714538574;0.24014542885870824
138;80.02327418327332;openai/gpt-oss-120b;;H100-NVL;0.20246434211730957;0.24079417634104136
140;80.07626366615295;openai/gpt-oss-120b;;H100-NVL;0.05298948287963867;0.2409639681831445
141;81.68496584892273;openai/gpt-oss-120b;;H100-NVL;1.6087021827697754;0.24611866100451532
142;81.72861313819885;openai/gpt-oss-120b;;H100-NVL;0.04364728927612305;0.24625851807135699
143;82.56448292732239;openai/gpt-oss-120b;;H100-NVL;0.8358697891235352;0.24893685844270988
144;86.08269739151001;openai/gpt-oss-120b;;H100-NVL;3.518214464187622;0.2602101164993171
145;87.06603980064392;openai/gpt-oss-120b;;H100-NVL;0.9833424091339111;0.26336099682483816
146;87.40575909614563;openai/gpt-oss-120b;;H100-NVL;0.339719295501709;0.2644495442468282
147;87.86440014839172;openai/gpt-oss-120b;;H100-NVL;0.45864105224609375;0.2659191473622591
149;88.42097926139832;openai/gpt-oss-120b;;H100-NVL;0.5565791130065918;0.2677025690478071
148;88.91284775733948;openai/gpt-oss-120b;;H100-NVL;0.4918684959411621;0.26927864138253904
152;89.50472450256348;openai/gpt-oss-120b;;H100-NVL;0.591876745223999;0.27117516570035255
150;89.57320380210876;openai/gpt-oss-120b;;H100-NVL;0.06847929954528809;0.27139459087274265
151;89.79252314567566;openai/gpt-oss-120b;;H100-NVL;0.21931934356689453;0.2720973460862189
153;90.5780611038208;openai/gpt-oss-120b;;H100-NVL;0.7855379581451416;0.2746144104111975
154;90.9763367176056;openai/gpt-oss-120b;;H100-NVL;0.39827561378480425;0.27589058723826493
155;92.6311731338501;openai/gpt-oss-120b;;H100-NVL;1.6548364162444926;0.2811931059311107
156;93.14938402175903;openai/gpt-oss-120b;;H100-NVL;0.5182108879089355;0.2828535860202601
157;93.49769425392152;openai/gpt-oss-120b;;H100-NVL;0.3483102321624898;0.28396966099831894
158;93.56636214256288;openai/gpt-oss-120b;;H100-NVL;0.06866788864135742;0.2841896904583579
159;94.15673780441284;openai/gpt-oss-120b;;H100-NVL;0.5903756618499614;0.2860814049215101
160;94.60777878761292;openai/gpt-oss-120b;;H100-NVL;0.45104098320007324;0.2875266554738792
161;95.55438613891602;openai/gpt-oss-120b;;H100-NVL;0.9466073513031006;0.2905598272882033
162;95.93258833885191;openai/gpt-oss-120b;;H100-NVL;0.3782021999358989;0.2917716837684871
163;96.50048422813416;openai/gpt-oss-120b;;H100-NVL;0.5678958892822408;0.29359136729668933
164;96.55249953269958;openai/gpt-oss-120b;;H100-NVL;0.05201530456542969;0.2937580376225686
165;97.86684370040894;openai/gpt-oss-120b;;H100-NVL;1.3143441677093506;0.2979695321544136
167;98.02201175689696;openai/gpt-oss-120b;;H100-NVL;0.1551680564880229;0.29846673025326104
166;98.30982375144958;openai/gpt-oss-120b;;H100-NVL;0.2878119945526265;0.2993889534205538
168;98.50727105140686;openai/gpt-oss-120b;;H100-NVL;0.1974472999572754;0.30002162501793833
172;99.23386025428772;openai/gpt-oss-120b;;H100-NVL;0.7265892028808594;0.3023498024694831
169;99.44270277023315;openai/gpt-oss-120b;;H100-NVL;0.20884251594543457;0.30301898725040227
170;99.49167037010191;openai/gpt-oss-120b;;H100-NVL;0.0489675998687602;0.30317589195173655
171;99.5294075012207;openai/gpt-oss-120b;;H100-NVL;0.037737131118788625;0.3032968113617806
173;99.75753784179688;openai/gpt-oss-120b;;H100-NVL;0.22813034057617188;0.3040277992609082
174;100.83207201957704;openai/gpt-oss-120b;;H100-NVL;1.0745341777801656;0.30747088131291644
175;100.92419028282166;openai/gpt-oss-120b;;H100-NVL;0.0921182632446147;0.3077660517648186
176;101.18763542175292;openai/gpt-oss-120b;;H100-NVL;0.2634451389312602;0.3086101973009028
177;101.77880477905272;openai/gpt-oss-120b;;H100-NVL;0.5911693572998047;0.31050445496706763
178;102.83468842506409;openai/gpt-oss-120b;;H100-NVL;1.0558836460113667;0.31388777595002704
179;103.65943813323976;openai/gpt-oss-120b;;H100-NVL;0.8247497081756734;0.31653048474081213
180;104.4717583656311;openai/gpt-oss-120b;;H100-NVL;0.8123202323913432;0.31913336631541944
181;106.31881189346312;openai/gpt-oss-120b;;H100-NVL;1.847053527832017;0.32505179774578563
183;106.61332988739014;openai/gpt-oss-120b;;H100-NVL;0.29451799392701616;0.32599550864847504
182;106.67504262924194;openai/gpt-oss-120b;;H100-NVL;0.06171274185180664;0.3261932520411414
184;107.17365431785583;openai/gpt-oss-120b;;H100-NVL;0.4986116886138916;0.32779093128810083
185;107.86420607566832;openai/gpt-oss-120b;;H100-NVL;0.6905517578124858;0.3300036355579815
186;108.45637893676758;openai/gpt-oss-120b;;H100-NVL;0.5921728610992574;0.3319011087067177
187;108.69301581382751;openai/gpt-oss-120b;;H100-NVL;0.23663687705993652;0.33265935372218247
189;108.8395721912384;openai/gpt-oss-120b;;H100-NVL;0.14655637741088867;0.33312895780095936
188;108.89174056053162;openai/gpt-oss-120b;;H100-NVL;0.05216836929321289;0.33329611858533487
190;111.65771174430849;openai/gpt-oss-120b;;H100-NVL;2.7659711837768697;0.34215899697130503
191;112.3725905418396;openai/gpt-oss-120b;;H100-NVL;0.7148787975311137;0.3444496512920689
192;113.24379920959473;openai/gpt-oss-120b;;H100-NVL;0.871208667755127;0.3472412264597369
193;113.94689178466795;openai/gpt-oss-120b;;H100-NVL;0.703092575073228;0.3494941147123338
194;114.68700814247131;openai/gpt-oss-120b;;H100-NVL;0.7401163578033589;0.3518656366244751
195;116.78634190559389;openai/gpt-oss-120b;;H100-NVL;2.099333763122573;0.3585924383869975
196;117.63752770423888;openai/gpt-oss-120b;;H100-NVL;0.8511857986449911;0.36131985516613924
197;117.75478649139404;openai/gpt-oss-120b;;H100-NVL;0.11725878715516558;0.36169558228012294
198;117.79399180412292;openai/gpt-oss-120b;;H100-NVL;0.039205312728881836;0.3618212061191701
199;118.32285976409912;openai/gpt-oss-120b;;H100-NVL;0.5288679599761963;0.3635158341901339
200;118.48728728294373;openai/gpt-oss-120b;;H100-NVL;0.1644275188446045;0.36404270197218963
201;119.36846446990968;openai/gpt-oss-120b;;H100-NVL;0.8811771869659566;0.36686621882239284
202;119.4763514995575;openai/gpt-oss-120b;;H100-NVL;0.10788702964781294;0.36721191643081347
203;119.8426308631897;openai/gpt-oss-120b;;H100-NVL;0.36627936363220215;0.36838556909726317
204;120.02798175811768;openai/gpt-oss-120b;;H100-NVL;0.18535089492797852;0.36897948072226944
205;120.52827048301695;openai/gpt-oss-120b;;H100-NVL;0.5002887248992778;0.3705825336219746
206;121.31337070465088;openai/gpt-oss-120b;;H100-NVL;0.7851002216339253;0.3730981953273284
208;121.65355181694032;openai/gpt-oss-120b;;H100-NVL;0.3401811122894429;0.3741882225283018
207;121.95993709564208;openai/gpt-oss-120b;;H100-NVL;0.3063852787017538;0.37516995924353297
209;123.43499851226808;openai/gpt-oss-120b;;H100-NVL;1.475061416626005;0.3798964329046005
210;123.94972920417786;openai/gpt-oss-120b;;H100-NVL;0.5147306919097758;0.38154576155656905
211;124.07707738876344;openai/gpt-oss-120b;;H100-NVL;0.1273481845855855;0.3819538176777883
213;124.13819456100464;openai/gpt-oss-120b;;H100-NVL;0.06111717224119673;0.3821496527132526
212;124.6843445301056;openai/gpt-oss-120b;;H100-NVL;0.5461499691009664;0.38389965675705234
214;125.0011465549469;openai/gpt-oss-120b;;H100-NVL;0.3168020248412944;0.38491477138842156
215;182.2433760166168;openai/gpt-oss-120b;;H100-NVL;57.24222946166989;0.5683335001286929
216;192.0221738815308;openai/gpt-oss-120b;;H100-NVL;9.778797864913997;0.5996672669972883
218;199.33485293388367;openai/gpt-oss-120b;;H100-NVL;7.312679052352877;0.6230989590903839
217;199.64080667495728;openai/gpt-oss-120b;;H100-NVL;0.3059537410736084;0.6240793130487955
219;206.0849814414978;openai/gpt-oss-120b;;H100-NVL;6.444174766540527;0.6447280955049447
220;206.77777457237244;openai/gpt-oss-120b;;H100-NVL;0.6927931308746338;0.6469479817067935
221;208.57187223434448;openai/gpt-oss-120b;;H100-NVL;1.794097661972046;0.6526967290125768
222;209.6247625350952;openai/gpt-oss-120b;;H100-NVL;1.052890300750704;0.6560704585525132
223;210.12314367294312;openai/gpt-oss-120b;;H100-NVL;0.4983811378479288;0.6576673990559122
224;212.113463640213;openai/gpt-oss-120b;;H100-NVL;1.9903199672698975;0.6640448927632017
225;213.61328268051147;openai/gpt-oss-120b;;H100-NVL;1.499819040298462;0.6688506961761559
227;213.7493360042572;openai/gpt-oss-120b;;H100-NVL;0.13605332374572754;0.6692866457874308
226;213.80999636650083;openai/gpt-oss-120b;;H100-NVL;0.06066036224362392;0.6694810170869467
228;214.504340171814;openai/gpt-oss-120b;;H100-NVL;0.6943438053131672;0.671705872045898
230;214.91674661636355;openai/gpt-oss-120b;;H100-NVL;0.41240644454956055;0.6730273276652013
229;215.2133812904358;openai/gpt-oss-120b;;H100-NVL;0.2966346740722372;0.6739778209518936
231;215.93589067459104;openai/gpt-oss-120b;;H100-NVL;0.722509384155245;0.6762929256218367
232;215.97779655456543;openai/gpt-oss-120b;;H100-NVL;0.041905879974393656;0.6764272027683409
233;216.11990547180176;openai/gpt-oss-120b;;H100-NVL;0.14210891723632812;0.6768825560483803
235;216.33627104759216;openai/gpt-oss-120b;;H100-NVL;0.21636557579040527;0.677575846635205
236;216.69235229492188;openai/gpt-oss-120b;;H100-NVL;0.3560812473297119;0.6787168219313752
234;216.90438532829285;openai/gpt-oss-120b;;H100-NVL;0.21203303337097168;0.6793962299453116
237;217.44005465507507;openai/gpt-oss-120b;;H100-NVL;0.5356693267822266;0.6811126513332896
238;218.78930830955505;openai/gpt-oss-120b;;H100-NVL;1.3492536544799805;0.6854360047802163
239;218.91635012626648;openai/gpt-oss-120b;;H100-NVL;0.12704181671142578;0.6858430792204889
240;219.436363697052;openai/gpt-oss-120b;;H100-NVL;0.5200135707855225;0.6875093355661652
242;219.5292727947235;openai/gpt-oss-120b;;H100-NVL;0.09290909767150879;0.6878070400536316
241;219.53495454788208;openai/gpt-oss-120b;;H100-NVL;0.005681753158569336;0.687825245842455
243;220.51462411880493;openai/gpt-oss-120b;;H100-NVL;0.9796695709228516;0.6909643574559277
244;220.725611448288;openai/gpt-oss-120b;;H100-NVL;0.21098732948306065;0.691640414767427
245;220.7627758979797;openai/gpt-oss-120b;;H100-NVL;0.03716444969171562;0.6917594991598571
246;221.9369003772736;openai/gpt-oss-120b;;H100-NVL;1.17412447929388;0.6955216939835077
247;222.2582929134369;openai/gpt-oss-120b;;H100-NVL;0.32139253616330166;0.6965515177860407
248;223.45687770843503;openai/gpt-oss-120b;;H100-NVL;1.1985847949981405;0.700392089710885
249;223.7788443565369;openai/gpt-oss-120b;;H100-NVL;0.3219666481018635;0.7014237531147562
250;223.856609582901;openai/gpt-oss-120b;;H100-NVL;0.07776522636410732;0.7016729327692534
251;224.15728902816767;openai/gpt-oss-120b;;H100-NVL;0.3006794452666668;0.7026363865363027
252;224.9600114822388;openai/gpt-oss-120b;;H100-NVL;0.8027224540711302;0.7052085143769135
253;225.94767379760745;openai/gpt-oss-120b;;H100-NVL;0.9876623153686523;0.7083732367857585
254;226.8176362514496;openai/gpt-oss-120b;;H100-NVL;0.8699624538421631;0.7111608187656383
255;227.656635761261;openai/gpt-oss-120b;;H100-NVL;0.838999509811373;0.7138491875617271
256;228.02087807655332;openai/gpt-oss-120b;;H100-NVL;0.36424231529233;0.7150163130048245
257;228.1381540298462;openai/gpt-oss-120b;;H100-NVL;0.1172759532928751;0.7153920951234994
258;228.35960221290588;openai/gpt-oss-120b;;H100-NVL;0.22144818305969238;0.7161016716826348
260;228.50800108909607;openai/gpt-oss-120b;;H100-NVL;0.14839887619018555;0.7165771795982641
259;228.76936268806455;openai/gpt-oss-120b;;H100-NVL;0.26136159896847744;0.7174146489399574
261;228.9845404624939;openai/gpt-oss-120b;;H100-NVL;0.2151777744293497;0.7181041335077347
262;229.336199760437;openai/gpt-oss-120b;;H100-NVL;0.35165929794311523;0.7192309397482501
263;230.27320432662964;openai/gpt-oss-120b;;H100-NVL;0.937004566192627;0.7222333417855427
264;230.81659245491028;openai/gpt-oss-120b;;H100-NVL;0.5433881282806396;0.7239744961856962
265;230.91114735603333;openai/gpt-oss-120b;;H100-NVL;0.09455490112304688;0.7242774742479285
266;231.03748035430908;openai/gpt-oss-120b;;H100-NVL;0.12633299827575684;0.7246822774528282
267;232.4222595691681;openai/gpt-oss-120b;;H100-NVL;1.3847792148590088;0.7291194638720865
268;232.64457821846008;openai/gpt-oss-120b;;H100-NVL;0.2223186492919922;0.7298318296274368
269;233.3971366882324;openai/gpt-oss-120b;;H100-NVL;0.7525584697723104;0.73224321924532
270;234.3414487838745;openai/gpt-oss-120b;;H100-NVL;0.9443120956421183;0.7352690364740622
271;234.9710690975189;openai/gpt-oss-120b;;H100-NVL;0.6296203136443808;0.7372865008286789
272;235.230744600296;openai/gpt-oss-120b;;H100-NVL;0.2596755027770996;0.7381185674873728
274;235.54087686538696;openai/gpt-oss-120b;;H100-NVL;0.3101322650909708;0.7391123105043602
273;235.59299612045288;openai/gpt-oss-120b;;H100-NVL;0.05211925506591797;0.7392793139142027
275;237.05471110343933;openai/gpt-oss-120b;;H100-NVL;1.4617149829864502;0.743963022191839
276;237.9156076908112;openai/gpt-oss-120b;;H100-NVL;0.860896587371883;0.7467215548191946
277;238.80258560180664;openai/gpt-oss-120b;;H100-NVL;0.8869779109954266;0.7495636586712889
278;239.25758504867557;openai/gpt-oss-120b;;H100-NVL;0.4549994468689249;0.7510215931526513
279;239.7663562297821;openai/gpt-oss-120b;;H100-NVL;0.508771181106539;0.7526518260093351
280;239.91464638710025;openai/gpt-oss-120b;;H100-NVL;0.14829015731814366;0.7531269855619203
281;242.23310542106628;openai/gpt-oss-120b;;H100-NVL;2.318459033966036;0.760555920679327
282;242.35903787612915;openai/gpt-oss-120b;;H100-NVL;0.1259324550628662;0.7609594404414326
283;242.98007798194885;openai/gpt-oss-120b;;H100-NVL;0.6210401058197021;0.7629494116179125
284;243.0586700439453;openai/gpt-oss-120b;;H100-NVL;0.07859206199645996;0.7632012406650345
285;244.225613117218;openai/gpt-oss-120b;;H100-NVL;1.1669430732726767;0.7669404244289244
286;244.84046387672424;openai/gpt-oss-120b;;H100-NVL;0.614850759506254;0.7689105633584213
287;245.10142469406128;openai/gpt-oss-120b;;H100-NVL;0.26096081733703613;0.7697467484933667
288;245.6886341571808;openai/gpt-oss-120b;;H100-NVL;0.5872094631195068;0.7716283176468142
289;245.7801413536072;openai/gpt-oss-120b;;H100-NVL;0.09150719642642002;0.7719215300845016
291;248.26929807662964;openai/gpt-oss-120b;;H100-NVL;2.4891567230224325;0.779897424211368
290;248.2959041595459;openai/gpt-oss-120b;;H100-NVL;0.026606082916259766;0.7799826768989582
292;248.8672468662262;openai/gpt-oss-120b;;H100-NVL;0.5713427066802979;0.781813404910775
293;250.56707668304443;openai/gpt-oss-120b;;H100-NVL;1.6998298168182373;0.7872600939549951
294;250.73578572273252;openai/gpt-oss-120b;;H100-NVL;0.16870903968808193;0.7878006808237735
295;278.7453203201294;openai/gpt-oss-120b;;H100-NVL;28.00953459739688;0.8775503861859886
296;299.5747098922729;openai/gpt-oss-120b;;H100-NVL;20.829389572143498;0.9442930723407388
297;299.85755038261414;openai/gpt-oss-120b;;H100-NVL;0.28284049034124337;0.9451993655383055
298;313.5395176410675;openai/gpt-oss-120b;;H100-NVL;13.68196725845337;0.989039884414181
299;316.96000504493713;openai/gpt-oss-120b;;H100-NVL;3.420487403869629;1.0
4;4.758317232131958;openai/gpt-oss-120b;;H100-NVL;0.0;0.0
8;5.023252725601196;openai/gpt-oss-120b;;H100-NVL;0.2649354934692383;0.0011783538382881642
2;5.057621955871582;openai/gpt-oss-120b;;H100-NVL;0.03436923027038574;0.0013312178954131533
1;5.083130836486816;openai/gpt-oss-120b;;H100-NVL;0.025508880615234375;0.001444673767217231
7;5.091969728469849;openai/gpt-oss-120b;;H100-NVL;0.008838891983032227;0.0014839865152300972
0;5.109076023101807;openai/gpt-oss-120b;;H100-NVL;0.017106294631958008;0.001560070197618227
6;5.164547920227051;openai/gpt-oss-120b;;H100-NVL;0.05547189712524414;0.0018067926055474884
5;5.2125444412231445;openai/gpt-oss-120b;;H100-NVL;0.04799652099609375;0.0020202667761828864
9;5.241361141204834;openai/gpt-oss-120b;;H100-NVL;0.028816699981689453;0.0021484348392293916
3;5.346006393432617;openai/gpt-oss-120b;;H100-NVL;0.1046452522277832;0.0026138656239330605
11;6.0141918659210205;openai/gpt-oss-120b;;H100-NVL;0.6681854724884033;0.005585754765266708
10;6.144160270690918;openai/gpt-oss-120b;;H100-NVL;0.12996840476989746;0.006163815358852597
12;6.270056486129761;openai/gpt-oss-120b;;H100-NVL;0.12589621543884277;0.006723764072200584
14;6.281811475753784;openai/gpt-oss-120b;;H100-NVL;0.011754989624023438;0.006776046750376787
13;6.286336421966553;openai/gpt-oss-120b;;H100-NVL;0.004524946212768555;0.006796172357814442
15;7.012501955032349;openai/gpt-oss-120b;;H100-NVL;0.7261655330657959;0.010025939467973295
16;7.3129189014434814;openai/gpt-oss-120b;;H100-NVL;0.3004169464111328;0.011362104197186789
17;7.699464321136475;openai/gpt-oss-120b;;H100-NVL;0.38654541969299316;0.013081342616333654
18;7.783691644668579;openai/gpt-oss-120b;;H100-NVL;0.08422732353210449;0.013455960560774225
19;7.97466254234314;openai/gpt-oss-120b;;H100-NVL;0.19097089767456055;0.014305341998230747
20;7.980355024337768;openai/gpt-oss-120b;;H100-NVL;0.005692481994628018;0.014330660455640588
22;8.108289241790771;openai/gpt-oss-120b;;H100-NVL;0.12793421745300382;0.014899673592423801
21;8.36064887046814;openai/gpt-oss-120b;;H100-NVL;0.25235962867736816;0.01602209374529577
26;8.610483884811401;openai/gpt-oss-120b;;H100-NVL;0.24983501434326172;0.01713328516866896
23;8.621948957443237;openai/gpt-oss-120b;;H100-NVL;0.011465072631835938;0.017184278382772016
25;8.638707637786865;openai/gpt-oss-120b;;H100-NVL;0.01675868034362793;0.017258815980769816
24;8.711669683456421;openai/gpt-oss-120b;;H100-NVL;0.07296204566955566;0.01758332933848668
27;9.163481712341309;openai/gpt-oss-120b;;H100-NVL;0.4518120288848877;0.01959285411544182
28;10.090755939483644;openai/gpt-oss-120b;;H100-NVL;0.9272742271423358;0.0237170925494504
29;10.46681547164917;openai/gpt-oss-120b;;H100-NVL;0.37605953216552557;0.02538969287698466
31;12.084111213684082;openai/gpt-oss-120b;;H100-NVL;1.617295742034912;0.03258294063823723
32;12.091471433639526;openai/gpt-oss-120b;;H100-NVL;0.007360219955444336;0.03261567669531125
30;12.132773399353027;openai/gpt-oss-120b;;H100-NVL;0.04130196571350098;0.032799375486251094
34;13.09115719795227;openai/gpt-oss-120b;;H100-NVL;0.9583837985992432;0.03706197998987807
33;13.33720850944519;openai/gpt-oss-120b;;H100-NVL;0.24605131149291992;0.03815634263459929
35;13.38441562652588;openai/gpt-oss-120b;;H100-NVL;0.04720711708069025;0.038366305772713175
36;14.04709243774414;openai/gpt-oss-120b;;H100-NVL;0.6626768112182599;0.041313694036242556
43;14.3805992603302;openai/gpt-oss-120b;;H100-NVL;0.33350682258605957;0.04279703263819248
42;14.411715030670166;openai/gpt-oss-120b;;H100-NVL;0.03111577033996582;0.042935426278588755
38;14.424189567565918;openai/gpt-oss-120b;;H100-NVL;0.012474536895751953;0.04299090928782807
41;14.468920946121216;openai/gpt-oss-120b;;H100-NVL;0.04473137855529785;0.043189861081422594
40;14.48910641670227;openai/gpt-oss-120b;;H100-NVL;0.020185470581054688;0.043279640017515206
39;14.50033473968506;openai/gpt-oss-120b;;H100-NVL;0.011228322982789862;0.043329580239986176
37;14.697316884994509;openai/gpt-oss-120b;;H100-NVL;0.19698214530944824;0.04420569790908428
49;14.852285385131836;openai/gpt-oss-120b;;H100-NVL;0.15496850013732733;0.044894951449859034
50;14.904070615768433;openai/gpt-oss-120b;;H100-NVL;0.05178523063659668;0.045125276667851606
48;14.917164087295532;openai/gpt-oss-120b;;H100-NVL;0.01309347152709961;0.04518351251322076
45;14.956992387771606;openai/gpt-oss-120b;;H100-NVL;0.03982830047607422;0.04536065688192697
44;14.977752685546877;openai/gpt-oss-120b;;H100-NVL;0.02076029777527033;0.04545299247746066
46;15.026104211807253;openai/gpt-oss-120b;;H100-NVL;0.04835152626037598;0.04566804560533694
47;15.028488636016846;openai/gpt-oss-120b;;H100-NVL;0.00238442420959295;0.045678650811089815
52;15.109081029891968;openai/gpt-oss-120b;;H100-NVL;0.08059239387512207;0.04603710167554754
51;15.134582996368408;openai/gpt-oss-120b;;H100-NVL;0.02550196647644043;0.04615052679533013
53;15.191619634628296;openai/gpt-oss-120b;;H100-NVL;0.057036638259887695;0.04640420870384496
54;15.659828662872314;openai/gpt-oss-120b;;H100-NVL;0.46820902824401855;0.04848666242995006
55;16.12545657157898;openai/gpt-oss-120b;;H100-NVL;0.46562790870666504;0.050557636108311876
58;17.330437898635864;openai/gpt-oss-120b;;H100-NVL;1.2049813270568848;0.055917032666357086
57;17.33809471130371;openai/gpt-oss-120b;;H100-NVL;0.00765681266784668;0.0559510878791112
59;17.344369411468506;openai/gpt-oss-120b;;H100-NVL;0.006274700164794922;0.05597899586881267
60;17.446274757385254;openai/gpt-oss-120b;;H100-NVL;0.10190534591674805;0.05643224036969351
56;17.4527108669281;openai/gpt-oss-120b;;H100-NVL;0.00643610954284668;0.05646086626003438
61;17.482530117034912;openai/gpt-oss-120b;;H100-NVL;0.029819250106811523;0.056593493366195666
62;17.5093891620636;openai/gpt-oss-120b;;H100-NVL;0.026859045028686523;0.05671295436550485
63;17.76639175415039;openai/gpt-oss-120b;;H100-NVL;0.257002592086792;0.05785602503100872
65;20.466432571411133;openai/gpt-oss-120b;;H100-NVL;2.700040817260742;0.06986499906046742
64;20.707417488098145;openai/gpt-oss-120b;;H100-NVL;0.24098491668701172;0.07093682789634466
66;20.74068284034729;openai/gpt-oss-120b;;H100-NVL;0.03326535224914551;0.07108478223417798
67;20.897154331207275;openai/gpt-oss-120b;;H100-NVL;0.15647149085998535;0.07178072062817405
69;21.673507928848267;openai/gpt-oss-120b;;H100-NVL;0.7763535976409912;0.0752337092393633
68;21.687728881835938;openai/gpt-oss-120b;;H100-NVL;0.014220952987670898;0.07529695978506297
71;22.10366463661194;openai/gpt-oss-120b;;H100-NVL;0.415935754776001;0.07714691762462475
72;22.245872974395752;openai/gpt-oss-120b;;H100-NVL;0.14220833778381348;0.07777941777954865
70;22.31655859947205;openai/gpt-oss-120b;;H100-NVL;0.0706856250762975;0.07809380629929648
76;22.45072770118713;openai/gpt-oss-120b;;H100-NVL;0.13416910171508079;0.07869055033655398
74;22.720380306243896;openai/gpt-oss-120b;;H100-NVL;0.26965260505676625;0.07988988447639409
75;22.790382146835327;openai/gpt-oss-120b;;H100-NVL;0.07000184059143066;0.08020123172725885
73;22.986573696136475;openai/gpt-oss-120b;;H100-NVL;0.19619154930114746;0.08107383306176276
77;24.081051349639893;openai/gpt-oss-120b;;H100-NVL;1.094477653503418;0.08594174232917891
78;25.5028657913208;openai/gpt-oss-120b;;H100-NVL;1.4218144416809082;0.09226554773082386
79;25.755202770233154;openai/gpt-oss-120b;;H100-NVL;0.2523369789123535;0.09338786714431513
80;25.88840675354004;openai/gpt-oss-120b;;H100-NVL;0.13320398330688477;0.09398031862353969
81;27.329002141952515;openai/gpt-oss-120b;;H100-NVL;1.4405953884124756;0.10038765605925844
82;28.0997576713562;openai/gpt-oss-120b;;H100-NVL;0.7707555294036865;0.10381574613719324
83;28.245599269866943;openai/gpt-oss-120b;;H100-NVL;0.1458415985107422;0.10446440594919827
85;29.08092164993286;openai/gpt-oss-120b;;H100-NVL;0.835322380065918;0.10817967006828455
84;29.12386035919189;openai/gpt-oss-120b;;H100-NVL;0.04293870925902965;0.10837064860499916
86;30.68001437187195;openai/gpt-oss-120b;;H100-NVL;1.5561540126800573;0.11529195624029336
90;30.9770622253418;openai/gpt-oss-120b;;H100-NVL;0.2970478534698522;0.11661313625172924
89;30.979596614837646;openai/gpt-oss-120b;;H100-NVL;0.0025343894958460567;0.11662440845822389
87;31.027482986450195;openai/gpt-oss-120b;;H100-NVL;0.04788637161254883;0.11683739271734465
92;31.1696252822876;openai/gpt-oss-120b;;H100-NVL;0.1421422958374059;0.11746959913744272
91;31.197795152664185;openai/gpt-oss-120b;;H100-NVL;0.02816987037658336;0.11759489029585891
88;31.19815731048584;openai/gpt-oss-120b;;H100-NVL;0.00036215782165527344;0.1175965010655358
93;31.38972544670105;openai/gpt-oss-120b;;H100-NVL;0.19156813621520996;0.11844853884139958
94;31.435399293899536;openai/gpt-oss-120b;;H100-NVL;0.04567384719848633;0.11865168245364636
96;32.253612756729126;openai/gpt-oss-120b;;H100-NVL;0.8182134628295898;0.12229085122578465
97;32.34807252883911;openai/gpt-oss-120b;;H100-NVL;0.09445977210998535;0.12271098004118834
95;32.36286783218384;openai/gpt-oss-120b;;H100-NVL;0.014795303344726562;0.12277678512550001
98;32.88681626319885;openai/gpt-oss-120b;;H100-NVL;0.5239484310150146;0.12510715104464135
102;33.01701736450195;openai/gpt-oss-120b;;H100-NVL;0.13020110130310059;0.12568624660281225
100;33.030022382736206;openai/gpt-oss-120b;;H100-NVL;0.01300501823425293;0.12574408903438936
99;33.08074712753296;openai/gpt-oss-120b;;H100-NVL;0.05072474479675293;0.12596969752853543
107;33.22820210456848;openai/gpt-oss-120b;;H100-NVL;0.14745497703552246;0.12662553316569092
101;33.409087896347046;openai/gpt-oss-120b;;H100-NVL;0.18088579177856445;0.1274300590683662
103;33.414628744125366;openai/gpt-oss-120b;;H100-NVL;0.0055408477783203125;0.12745470310213255
104;33.437992095947266;openai/gpt-oss-120b;;H100-NVL;0.023363351821899414;0.12755861630354665
105;33.620824337005615;openai/gpt-oss-120b;;H100-NVL;0.1828322410583496;0.12837179943047616
109;33.66691064834595;openai/gpt-oss-120b;;H100-NVL;0.04608631134033203;0.1285767775598665
106;33.79828977584839;openai/gpt-oss-120b;;H100-NVL;0.1313791275024414;0.12916111262624907
110;33.88412165641785;openai/gpt-oss-120b;;H100-NVL;0.08583188056945801;0.12954286716050234
108;34.032684087753296;openai/gpt-oss-120b;;H100-NVL;0.14856243133544922;0.1302036284231675
111;34.33706259727478;openai/gpt-oss-120b;;H100-NVL;0.3043785095214844;0.1315574130002752
112;34.42202115058899;openai/gpt-oss-120b;;H100-NVL;0.08495855331420898;0.13193528323609105
113;35.82808828353882;openai/gpt-oss-120b;;H100-NVL;1.406067132949829;0.13818904931819073
114;35.8464994430542;openai/gpt-oss-120b;;H100-NVL;0.01841115951538086;0.13827093664932252
115;39.71318459510803;openai/gpt-oss-120b;;H100-NVL;3.866685152053833;0.15546879576102937
116;42.609435081481934;openai/gpt-oss-120b;;H100-NVL;2.8962504863739014;0.16835045171649657
117;43.72070574760437;openai/gpt-oss-120b;;H100-NVL;1.1112706661224365;0.17329305128160338
118;45.82790541648865;openai/gpt-oss-120b;;H100-NVL;2.1071996688842773;0.1826652451894674
119;46.9618558883667;openai/gpt-oss-120b;;H100-NVL;1.1339504718780518;0.1877087177475198
120;49.35788369178772;openai/gpt-oss-120b;;H100-NVL;2.3960278034210205;0.19836553281535116
122;50.7066502571106;openai/gpt-oss-120b;;H100-NVL;1.348766565322883;0.20436444311004712
121;50.73786997795105;openai/gpt-oss-120b;;H100-NVL;0.031219720840446996;0.2045032990911801
123;50.98603343963623;openai/gpt-oss-120b;;H100-NVL;0.24816346168518066;0.20560705594825657
124;51.53200721740723;openai/gpt-oss-120b;;H100-NVL;0.5459737777709961;0.20803538402244812
125;51.74726629257202;openai/gpt-oss-120b;;H100-NVL;0.21525907516479492;0.2089927920092955
126;52.89532852172852;openai/gpt-oss-120b;;H100-NVL;1.1480622291565012;0.2140990294431911
127;53.154194593429565;openai/gpt-oss-120b;;H100-NVL;0.2588660717010427;0.2152503883086914
128;53.49825477600098;openai/gpt-oss-120b;;H100-NVL;0.34406018257141113;0.21678066509956698
129;53.92950487136841;openai/gpt-oss-120b;;H100-NVL;0.43125009536743164;0.2186987365458806
130;54.5190155506134;openai/gpt-oss-120b;;H100-NVL;0.5895106792449951;0.22132070373685214
131;55.812007188797;openai/gpt-oss-120b;;H100-NVL;1.2929916381835938;0.2270715438367463
132;56.42532801628113;openai/gpt-oss-120b;;H100-NVL;0.6133208274841309;0.22979941144596835
133;56.5802960395813;openai/gpt-oss-120b;;H100-NVL;0.1549680233001709;0.23048866286591405
135;58.33177614212036;openai/gpt-oss-120b;;H100-NVL;1.7514801025390625;0.2382787225309543
134;58.40434575080872;openai/gpt-oss-120b;;H100-NVL;0.0725696086883616;0.2386014904463485
136;59.14618110656738;openai/gpt-oss-120b;;H100-NVL;0.7418353557586599;0.24190095224132913
137;62.30593276023865;openai/gpt-oss-120b;;H100-NVL;3.1597516536712646;0.2559545825812489
138;64.38466739654541;openai/gpt-oss-120b;;H100-NVL;2.0787346363067627;0.26520017253750383
139;65.2199296951294;openai/gpt-oss-120b;;H100-NVL;0.8352622985839844;0.26891516943212757
140;66.13278865814209;openai/gpt-oss-120b;;H100-NVL;0.9128589630126953;0.2729752930825914
141;67.1030068397522;openai/gpt-oss-120b;;H100-NVL;0.9702181816101074;0.27729053338243437
143;67.18518805503845;openai/gpt-oss-120b;;H100-NVL;0.08218121528625488;0.2776560508493455
142;67.23313331604004;openai/gpt-oss-120b;;H100-NVL;0.047945261001586914;0.27786929703085617
144;67.4780957698822;openai/gpt-oss-120b;;H100-NVL;0.24496245384216309;0.27895881676240136
145;70.29218530654907;openai/gpt-oss-120b;;H100-NVL;2.81408953666687;0.29147504538619273
146;72.01536297798157;openai/gpt-oss-120b;;H100-NVL;1.7231776714324951;0.29913922430233597
147;72.49772620201111;openai/gpt-oss-120b;;H100-NVL;0.482363224029541;0.30128463165807123
148;72.99247241020203;openai/gpt-oss-120b;;H100-NVL;0.49474620819091797;0.30348511482386487
149;75.27617478370667;openai/gpt-oss-120b;;H100-NVL;2.2837023735046387;0.3136423399736141
151;75.3124406337738;openai/gpt-oss-120b;;H100-NVL;0.03626585006713867;0.3138036396283558
150;75.48358464241028;openai/gpt-oss-120b;;H100-NVL;0.1711440086364746;0.3145648369931786
152;77.77361941337585;openai/gpt-oss-120b;;H100-NVL;2.290034770965576;0.3247502267529465
154;78.31864023208618;openai/gpt-oss-120b;;H100-NVL;0.5450208187103271;0.32717431635024635
153;78.50511145591736;openai/gpt-oss-120b;;H100-NVL;0.18647122383117676;0.3280036845842058
155;78.75175762176514;openai/gpt-oss-120b;;H100-NVL;0.24664616584777832;0.32910069296318895
156;78.91571950912476;openai/gpt-oss-120b;;H100-NVL;0.16396188735961914;0.3298299464005945
157;78.98882961273193;openai/gpt-oss-120b;;H100-NVL;0.07311010360717773;0.33015511827573685
158;79.97648906707764;openai/gpt-oss-120b;;H100-NVL;0.9876594543457031;0.33454793214038797
159;80.49752998352051;openai/gpt-oss-120b;;H100-NVL;0.5210409164428711;0.3368653663042892
160;82.26073884963989;openai/gpt-oss-120b;;H100-NVL;1.7632088661193848;0.3447075920019069
161;82.44437003135681;openai/gpt-oss-120b;;H100-NVL;0.18363118171691895;0.34552432857793935
162;83.01681804656982;openai/gpt-oss-120b;;H100-NVL;0.5724480152130127;0.3480704061423825
163;83.76211404800415;openai/gpt-oss-120b;;H100-NVL;0.7452960014343262;0.35138525985432173
164;83.77997326850891;openai/gpt-oss-120b;;H100-NVL;0.017859220504760742;0.3514646923258077
165;84.25861811637878;openai/gpt-oss-120b;;H100-NVL;0.47864484786987305;0.3535935614564733
166;84.31423425674438;openai/gpt-oss-120b;;H100-NVL;0.055616140365600586;0.3538409254151955
167;84.95742845535278;openai/gpt-oss-120b;;H100-NVL;0.6431941986083984;0.3567016608446781
168;85.38134002685547;openai/gpt-oss-120b;;H100-NVL;0.42391157150268555;0.3585870927316402
169;85.6768102645874;openai/gpt-oss-120b;;H100-NVL;0.2954702377319336;0.3599012559801057
170;86.13202595710754;openai/gpt-oss-120b;;H100-NVL;0.4552156925201416;0.3619259192349459
171;86.34418940544128;openai/gpt-oss-120b;;H100-NVL;0.21216344833374023;0.3628695587994859
173;87.70935821533203;openai/gpt-oss-120b;;H100-NVL;1.365168809890747;0.36894142137245156
172;88.00342106819153;openai/gpt-oss-120b;;H100-NVL;0.29406285285949707;0.3702493249939238
174;88.3445520401001;openai/gpt-oss-120b;;H100-NVL;0.34113097190856934;0.3717665735318367
175;89.24968791007996;openai/gpt-oss-120b;;H100-NVL;0.9051358699798584;0.37579234717430604
176;89.41769981384277;openai/gpt-oss-120b;;H100-NVL;0.16801190376281738;0.37653961387339785
177;89.47317314147949;openai/gpt-oss-120b;;H100-NVL;0.05547332763671875;0.3767863426438143
178;90.74513006210329;openai/gpt-oss-120b;;H100-NVL;1.2719569206237935;0.38244362661104636
179;90.7510862350464;openai/gpt-oss-120b;;H100-NVL;0.005956172943115234;0.38247011788693064
180;91.04437589645386;openai/gpt-oss-120b;;H100-NVL;0.2932896614074565;0.3837745825840696
181;91.18833541870116;openai/gpt-oss-120b;;H100-NVL;0.14395952224730024;0.3844148714837445
182;91.2508635520935;openai/gpt-oss-120b;;H100-NVL;0.0625281333923482;0.38469297792021717
183;91.97435808181764;openai/gpt-oss-120b;;H100-NVL;0.7234945297241353;0.38791086520635354
184;92.18653798103333;openai/gpt-oss-120b;;H100-NVL;0.21217989921568403;0.38885457793949635
185;92.46779584884644;openai/gpt-oss-120b;;H100-NVL;0.28125786781311035;0.3901055288171854
186;93.6097490787506;openai/gpt-oss-120b;;H100-NVL;1.1419532299041606;0.39518459524948046
188;93.85293483734132;openai/gpt-oss-120b;;H100-NVL;0.24318575859072666;0.39626621277191965
187;94.07293009757996;openai/gpt-oss-120b;;H100-NVL;0.21999526023863325;0.3972446858934816
189;94.42299556732178;openai/gpt-oss-120b;;H100-NVL;0.3500654697418213;0.3988016724056354
190;95.58634448051453;openai/gpt-oss-120b;;H100-NVL;1.163348913192749;0.4039759004381969
191;95.68854022026062;openai/gpt-oss-120b;;H100-NVL;0.10219573974609375;0.40443043652398
193;96.63461995124815;openai/gpt-oss-120b;;H100-NVL;0.9460797309875346;0.4086383162147592
192;97.11252021789552;openai/gpt-oss-120b;;H100-NVL;0.4779002666473673;0.4107638736708358
194;97.40116715431212;openai/gpt-oss-120b;;H100-NVL;0.28864693641659755;0.4120476889157573
196;97.69969630241394;openai/gpt-oss-120b;;H100-NVL;0.29852914810182085;0.413375457282692
195;97.7854187488556;openai/gpt-oss-120b;;H100-NVL;0.0857224464416646;0.41375672508667427
197;98.74630951881409;openai/gpt-oss-120b;;H100-NVL;0.9608907699584819;0.41803047984912445
198;98.81979036331175;openai/gpt-oss-120b;;H100-NVL;0.07348084449766645;0.4183573006688669
199;99.5203182697296;openai/gpt-oss-120b;;H100-NVL;0.7005279064178467;0.42147303928337343
200;99.6085753440857;openai/gpt-oss-120b;;H100-NVL;0.08825707435609331;0.4218655803542649
202;101.39021325111388;openai/gpt-oss-120b;;H100-NVL;1.781637907028184;0.4297897729141045
201;101.42839169502258;openai/gpt-oss-120b;;H100-NVL;0.03817844390870562;0.4299595792142366
203;102.54210305213928;openai/gpt-oss-120b;;H100-NVL;1.1137113571166992;0.43491303424292627
204;102.6500792503357;openai/gpt-oss-120b;;H100-NVL;0.10797619819641113;0.4353932800790822
206;102.76725935935974;openai/gpt-oss-120b;;H100-NVL;0.11718010902404785;0.4359144621579022
205;102.8690185546875;openai/gpt-oss-120b;;H100-NVL;0.10175919532775879;0.4363670566246738
207;104.91682076454164;openai/gpt-oss-120b;;H100-NVL;2.04780220985414;0.445475068399309
208;106.18672323226927;openai/gpt-oss-120b;;H100-NVL;1.2699024677276327;0.45112321477450285
209;107.69183731079102;openai/gpt-oss-120b;;H100-NVL;1.5051140785217427;0.45781751204763727
211;108.55435156822205;openai/gpt-oss-120b;;H100-NVL;0.8625142574310303;0.46165371750472195
210;108.85328316688538;openai/gpt-oss-120b;;H100-NVL;0.2989315986633301;0.46298327585138965
212;109.32780742645264;openai/gpt-oss-120b;;H100-NVL;0.47452425956726074;0.465093817837667
213;109.79729986190796;openai/gpt-oss-120b;;H100-NVL;0.46949243545532227;0.46718197977520776
214;110.0923080444336;openai/gpt-oss-120b;;H100-NVL;0.29500818252563477;0.46849408794030667
215;110.61531805992126;openai/gpt-oss-120b;;H100-NVL;0.5230100154876709;0.4708202800678428
216;111.26626086235046;openai/gpt-oss-120b;;H100-NVL;0.6509428024291992;0.473715478969675
218;111.63681077957152;openai/gpt-oss-120b;;H100-NVL;0.3705499172210551;0.4753635741777468
217;111.6568911075592;openai/gpt-oss-120b;;H100-NVL;0.02008032798768511;0.47545288547103004
220;113.01899909973145;openai/gpt-oss-120b;;H100-NVL;1.3621079921722412;0.4815111344422103
219;113.40305542945862;openai/gpt-oss-120b;;H100-NVL;0.38405632972717285;0.4832193021336239
221;113.82158946990968;openai/gpt-oss-120b;;H100-NVL;0.418534040451064;0.4850808163707755
222;114.16969847679138;openai/gpt-oss-120b;;H100-NVL;0.34810900688169966;0.4866291011212646
223;114.17893147468568;openai/gpt-oss-120b;;H100-NVL;0.00923299789430132;0.486670166734502
225;115.61833643913268;openai/gpt-oss-120b;;H100-NVL;1.439404964446993;0.49307220952045316
224;115.65077805519104;openai/gpt-oss-120b;;H100-NVL;0.03244161605836382;0.49321650012607215
226;116.88317465782166;openai/gpt-oss-120b;;H100-NVL;1.2323966026306152;0.498697831630534
228;118.55793166160583;openai/gpt-oss-120b;;H100-NVL;1.6747570037841797;0.5061466498985862
227;118.6738667488098;openai/gpt-oss-120b;;H100-NVL;0.11593508720396528;0.5066622944927104
231;118.8074746131897;openai/gpt-oss-120b;;H100-NVL;0.13360786437989702;0.5072565423141554
229;119.15259051322936;openai/gpt-oss-120b;;H100-NVL;0.34511590003965864;0.5087915146205867
230;119.19419932365416;openai/gpt-oss-120b;;H100-NVL;0.04160881042480469;0.5089765781650316
232;119.83644485473631;openai/gpt-oss-120b;;H100-NVL;0.6422455310821533;0.511833094205084
233;119.8936767578125;openai/gpt-oss-120b;;H100-NVL;0.057231903076186086;0.5120876445931021
234;120.30176615715028;openai/gpt-oss-120b;;H100-NVL;0.40808939933778277;0.5139027041903554
235;120.82038187980652;openai/gpt-oss-120b;;H100-NVL;0.5186157226562358;0.5162093518176184
236;121.41677045822144;openai/gpt-oss-120b;;H100-NVL;0.596388578414917;0.518861909847062
237;121.95257616043092;openai/gpt-oss-120b;;H100-NVL;0.5358057022094869;0.5212450133622146
238;122.2002203464508;openai/gpt-oss-120b;;H100-NVL;0.24764418601988325;0.5223464606364364
239;122.39632964134216;openai/gpt-oss-120b;;H100-NVL;0.19610929489135742;0.5232186961279262
240;122.95607805252077;openai/gpt-oss-120b;;H100-NVL;0.5597484111786031;0.52570828965181
241;123.1559762954712;openai/gpt-oss-120b;;H100-NVL;0.19989824295043945;0.5265973772510715
243;123.6746907234192;openai/gpt-oss-120b;;H100-NVL;0.518714427947998;0.5289044638899516
242;123.69016122817992;openai/gpt-oss-120b;;H100-NVL;0.015470504760713766;0.5289732720682229
244;124.25307655334473;openai/gpt-oss-120b;;H100-NVL;0.5629153251648091;0.5314769510783598
245;124.80568552017212;openai/gpt-oss-120b;;H100-NVL;0.5526089668273926;0.5339347904890279
246;124.91007328033449;openai/gpt-oss-120b;;H100-NVL;0.10438776016236773;0.5343990760260351
247;179.6652638912201;openai/gpt-oss-120b;;H100-NVL;54.755190610885606;0.7779337877313531
248;192.87556552886963;openai/gpt-oss-120b;;H100-NVL;13.210301637649536;0.8366892584907898
249;193.67014861106875;openai/gpt-oss-120b;;H100-NVL;0.7945830821991251;0.8402233263972362
250;193.7399582862854;openai/gpt-oss-120b;;H100-NVL;0.06980967521664638;0.8405338189539866
252;195.06063890457156;openai/gpt-oss-120b;;H100-NVL;1.3206806182861612;0.8464078113561824
251;195.11613965034485;openai/gpt-oss-120b;;H100-NVL;0.05550074577328701;0.8466546620742701
253;196.49691081047055;openai/gpt-oss-120b;;H100-NVL;1.380771160125704;0.8527959192347443
254;196.51144409179688;openai/gpt-oss-120b;;H100-NVL;0.014533281326322367;0.8528605589234833
255;196.98942351341248;openai/gpt-oss-120b;;H100-NVL;0.4779794216156006;0.8549864684371851
256;197.44931960105896;openai/gpt-oss-120b;;H100-NVL;0.4598960876464844;0.8570319486897389
257;198.13229608535767;openai/gpt-oss-120b;;H100-NVL;0.682976484298706;0.8600696238279226
258;198.7431619167328;openai/gpt-oss-120b;;H100-NVL;0.6108658313751221;0.8627865723486898
259;199.3333065509796;openai/gpt-oss-120b;;H100-NVL;0.5901446342467978;0.8654113591819067
260;200.02042889595032;openai/gpt-oss-120b;;H100-NVL;0.6871223449707315;0.8684674738684194
263;200.47868990898127;openai/gpt-oss-120b;;H100-NVL;0.458261013030949;0.8705056817981
262;200.61809849739075;openai/gpt-oss-120b;;H100-NVL;0.13940858840948067;0.8711257295051533
261;200.63106513023376;openai/gpt-oss-120b;;H100-NVL;0.012966632843017578;0.8711834012099905
264;201.0388627052307;openai/gpt-oss-120b;;H100-NVL;0.40779757499694824;0.8729971628598543
265;201.35107016563416;openai/gpt-oss-120b;;H100-NVL;0.3122074604034424;0.8743857682690096
266;201.79961442947388;openai/gpt-oss-120b;;H100-NVL;0.4485442638397217;0.876380759004364
267;202.5507748126984;openai/gpt-oss-120b;;H100-NVL;0.7511603832245157;0.8797216957325921
268;204.0332612991333;openai/gpt-oss-120b;;H100-NVL;1.482486486434908;0.8863153522435636
269;204.82049584388733;openai/gpt-oss-120b;;H100-NVL;0.7872345447540283;0.8898167360532481
271;204.9409186840057;openai/gpt-oss-120b;;H100-NVL;0.12042284011837978;0.8903523408301427
270;205.10941886901853;openai/gpt-oss-120b;;H100-NVL;0.16850018501281738;0.8911017792581998
272;206.9732768535614;openai/gpt-oss-120b;;H100-NVL;1.863857984542875;0.8993916621325196
273;209.0801339149475;openai/gpt-oss-120b;;H100-NVL;2.1068570613861084;0.9087623322246986
274;210.00244641304016;openai/gpt-oss-120b;;H100-NVL;0.9223124980926514;0.9128645023718435
275;211.68898272514343;openai/gpt-oss-120b;;H100-NVL;1.6865363121032715;0.9203657114803543
276;211.88257789611816;openai/gpt-oss-120b;;H100-NVL;0.19359517097473145;0.9212267649005847
277;212.71091532707212;openai/gpt-oss-120b;;H100-NVL;0.8283374309539511;0.9249109620550732
278;213.54349756240845;openai/gpt-oss-120b;;H100-NVL;0.8325822353363321;0.9286140388299222
279;213.90998554229736;openai/gpt-oss-120b;;H100-NVL;0.366487979888916;0.9302440677555811
280;214.21937823295596;openai/gpt-oss-120b;;H100-NVL;0.30939269065859776;0.93162015391075
281;215.4567720890045;openai/gpt-oss-120b;;H100-NVL;1.2373938560485271;0.9371237117038408
282;215.5859944820404;openai/gpt-oss-120b;;H100-NVL;0.1292223930359171;0.9376984542603505
283;217.1698048114777;openai/gpt-oss-120b;;H100-NVL;1.5838103294372843;0.944742768921155
284;217.8282651901245;openai/gpt-oss-120b;;H100-NVL;0.6584603786468222;0.9476714037536534
285;218.3721139431;openai/gpt-oss-120b;;H100-NVL;0.5438487529754923;0.950090280353105
286;219.76156425476077;openai/gpt-oss-120b;;H100-NVL;1.3894503116607666;0.9562701397838546
287;220.3864941596985;openai/gpt-oss-120b;;H100-NVL;0.6249299049377157;0.959049641097558
288;221.9581437110901;openai/gpt-oss-120b;;H100-NVL;1.5716495513916016;0.9660398682546497
289;222.2323267459869;openai/gpt-oss-120b;;H100-NVL;0.27418303489682216;0.9672593523914617
290;222.92556619644165;openai/gpt-oss-120b;;H100-NVL;0.6932394504547403;0.9703426741336689
291;223.905268907547;openai/gpt-oss-120b;;H100-NVL;0.9797027111053467;0.9747000987840824
293;225.08621621131897;openai/gpt-oss-120b;;H100-NVL;1.1809473037719727;0.9799525991946298
292;225.13280391693115;openai/gpt-oss-120b;;H100-NVL;0.04658770561218262;0.9801598073757848
294;225.6845107078552;openai/gpt-oss-120b;;H100-NVL;0.5517067909240438;0.9826136341778567
295;226.83103036880493;openai/gpt-oss-120b;;H100-NVL;1.1465196609497355;0.9877130107297186
296;227.9017035961151;openai/gpt-oss-120b;;H100-NVL;1.0706732273101807;0.992475045028833
297;228.22689938545227;openai/gpt-oss-120b;;H100-NVL;0.3251957893371582;0.993921418640548
298;228.3654751777649;openai/gpt-oss-120b;;H100-NVL;0.13857579231262207;0.9945377623196344
299;229.5935788154602;openai/gpt-oss-120b;;H100-NVL;1.2281036376953125;1.0
